"","PreCG_L_SA","SFGdor_L_SA","ORBsup_L_SA","MFG_L_SA","ORBmid_L_SA","IFGoperc_L_SA","IFGtriang_L_SA","ORBinf_L_SA","ROL_L_SA","SMA_L_SA","OLF_L_SA","SFGmed_L_SA","ORBsupmed_L_SA","REC_L_SA","INS_L_SA","ACG_L_SA","DCG_L_SA","PCG_L_SA","PHG_L_SA","CAL_L_SA","CUN_L_SA","LING_L_SA","SOG_L_SA","MOG_L_SA","IOG_L_SA","FFG_L_SA","PoCG_L_SA","SPG_L_SA","IPL_L_SA","SMG_L_SA","ANG_L_SA","PCUN_L_SA","PCL_L_SA","HES_L_SA","STG_L_SA","TPOsup_L_SA","MTG_L_SA","TPOmid_L_SA","ITG_L_SA","PreCG_R_SA","SFGdor_R_SA","ORBsup_R_SA","MFG_R_SA","ORBmid_R_SA","IFGoperc_R_SA","IFGtriang_R_SA","ORBinf_R_SA","ROL_R_SA","SMA_R_SA","OLF_R_SA","SFGmed_R_SA","ORBsupmed_R_SA","REC_R_SA","INS_R_SA","ACG_R_SA","DCG_R_SA","PCG_R_SA","PHG_R_SA","CAL_R_SA","CUN_R_SA","LING_R_SA","SOG_R_SA","MOG_R_SA","IOG_R_SA","FFG_R_SA","PoCG_R_SA","SPG_R_SA","IPL_R_SA","SMG_R_SA","ANG_R_SA","PCUN_R_SA","PCL_R_SA","HES_R_SA","STG_R_SA","TPOsup_R_SA","MTG_R_SA","TPOmid_R_SA","ITG_R_SA"
"PreCG_L_SA",1,1,0.8808,1,0.9256,1,1,1,1,1,0.9154,0.9517,0.8029,1,0.9326,1,1,0.762,0.9777,1,1,0.906,0.926,0.6699,0.5812,0.9517,0.8738,0.7105,0.5743,0.9597,0.9507,1,0.9949,0.9251,1,0.9505,1,0.844,1,0.9582,0.9533,1,1,0.9245,0.9935,0.9228,0.8546,0.9391,0.8728,0.9427,0.9741,1,1,0.9217,0.779,0.8813,0.8247,1,0.906,0.9141,0.9792,1,0.8893,0.9413,1,0.8971,1,0.6494,0.8312,0.7842,1,0.9024,0.811,0.8331,1,0.9818,0.8042,1
"SFGdor_L_SA",1,1,0.9189,1,0.7645,1,0.8382,0.7414,1,0.8393,0.8502,0.8436,1,0.596,0.9785,1,0.8074,1,1,0.9099,0.5547,1,0.8126,0.3518,0.9193,0.9221,0.7523,1,0.9215,0.8577,0.8325,0.9559,1,1,0.8885,0.9767,1,0.9157,0.6484,0.979,0.9449,0.8737,1,0.9296,0.842,0.5067,0.8768,0.7182,0.8755,0.2531,0.9896,0.8918,0.5981,0.7831,0.8029,0.9663,1,0.63,0.8762,0.839,0.4891,1,0.7985,0.4331,0.7038,0.8825,0.7404,0.7708,0.3758,1,1,0.9258,0.6636,0.7735,0.8689,0.8347,0.6427,0.7782
"ORBsup_L_SA",0.928,0.9607,1,1,0.7919,1,1,1,1,1,0.6519,0.818,0.4325,0.3978,0.8871,1,1,0.9257,1,0.9582,0.7163,0.8231,0.6093,0.3981,0.5523,1,0.8698,0.8365,0.8022,0.8436,1,1,1,1,1,0.8751,1,1,1,0.8,0.8966,0.8652,1,0.8032,1,0.9791,0.911,0.9077,0.8349,0.413,0.8493,1,0.9217,0.7537,0.7143,0.9209,0.7281,0.8955,1,0.9028,0.8422,1,0.8746,0.7906,0.829,0.6405,0.8713,0.7619,0.7608,0.9722,1,0.8467,0.8219,1,0.9791,0.8936,0.6081,1
"MFG_L_SA",1,1,1,1,1,1,1,1,0.9119,1,1,0.9739,0.9829,1,1,0.9216,0.9268,0.9807,0.9187,1,1,0.8125,0.8744,0.8053,0.5557,0.866,0.978,0.9884,0.7258,1,0.7021,1,0.9271,0.9546,0.9094,0.9335,0.8453,1,1,1,0.9943,0.8448,0.9215,0.8283,1,1,1,0.9606,0.9178,1,0.9155,0.9979,1,1,0.9207,0.8638,0.847,0.8477,1,1,1,1,1,0.8364,0.9404,0.8798,1,0.8445,0.9195,1,0.9402,0.9235,0.7016,0.7807,0.9519,1,0.5789,1
"ORBmid_L_SA",0.9645,0.9061,0.8225,1,1,1,0,0.7443,0.9306,1,1,0.9285,0.535,0.4605,1,0,0.9852,1,0.9598,1,0.1183,1,0.6998,0.3622,0,0.7601,1,0.9759,0.8016,0.8402,0.3266,0.9025,0.9177,0.23,0.8735,1,0.9417,0,1,0.7627,1,0.6848,0.563,0.7356,1,0.8399,0.9954,0,0.9675,0.4669,0.6248,0.648,0.6638,0.8179,0.8728,0.9783,0.5791,0.8005,1,1,0.7247,0.9388,1,0.432,0.5784,0.4227,1,0.8139,0.5381,1,0.8804,0.7556,0.5598,0.1014,0.9977,0.9775,0.1466,1
"IFGoperc_L_SA",1,1,1,1,1,1,0.9968,1,0.9018,1,1,1,0.648,1,0.9774,0.852,0.7965,1,1,1,1,0.9536,1,0.636,0.6969,1,1,1,1,0.7684,1,1,0.6451,0.4651,1,0.7467,0.982,0.7924,1,1,1,1,1,1,1,0.7891,1,0.8325,1,0.967,1,1,1,0.8802,1,0.9252,1,0.7231,1,0.8053,0.7287,0.6043,1,1,1,1,1,0.844,1,0.8681,0.976,1,0.3667,0.9151,0.9657,0.9655,0.7266,1
"IFGtriang_L_SA",1,0.8265,1,1,0,1,1,0.5804,1,0.26,0.2623,0.7073,1,0.2532,0.9391,0.3701,1,1,0.1478,0.0917,0.9266,0.8662,1,0,0,0.8775,0.9766,0,1,1,0.0138,0.7744,0.9501,0,0.1479,1,1,0,0.4653,0.9107,1,0.7881,0.926,0.9694,0.8463,0.5046,0.395,0.6188,1,0.3818,0.8314,0.7717,0.3809,0.7445,0.0312,0.6927,0,0.7002,0.145,1,0.5588,0.5999,0,0.5329,0.8138,1,0.0874,0,0.522,1,0.6164,0.182,0.1042,1,0.4821,0.7554,0,0.6177
"ORBinf_L_SA",1,0.7714,1,1,0.7317,1,0.4395,1,0.6345,0.9008,0.9968,1,0.8944,0.7583,0.6462,0.8696,0.174,1,1,0.3398,1,1,1,0.7996,0.0642,0.8848,1,0.9407,1,0.8629,0.7528,1,1,0,0.9415,1,1,0.2001,0.6499,1,1,0.7213,1,0.8751,0.5148,0.038,0.561,0.9332,1,0.0761,1,0.7565,0.6909,0.3647,1,1,1,0.6029,0.7769,0.4561,0.0341,0.9009,0.7417,1,0.7758,1,0.9218,0.7376,0.681,1,0.9876,0.3848,0.0473,0.9905,1,0.8378,0.8858,0.8954
"ROL_L_SA",1,1,1,0.9353,0.8567,0.8995,1,0.6292,1,0.8979,0.5958,1,0.6096,0.6666,0.7679,1,0.9494,1,1,1,1,1,1,0.4032,0.9421,1,0.9521,1,1,1,0.5573,1,1,0.7481,1,0.9424,0.7632,0.9395,1,1,0.8168,0.8976,1,1,1,0.9256,0.932,0.8847,1,1,0.9238,0.9438,1,0.712,1,0.9452,1,0.7702,1,0.9793,1,0.8262,0.6499,0.2714,1,1,0.9765,0.9158,0.9078,0.6181,1,1,0.7524,1,0.6183,0.9288,0.5661,1
"SMA_L_SA",1,0.8975,1,1,1,1,0.4458,0.9815,0.9629,1,0.9086,0.9986,1,0.935,0.9503,1,1,1,0.7941,1,1,1,0.987,0.3943,0.4492,1,1,1,1,0.832,1,1,0.9683,0.8698,0.6292,0.9687,1,1,0.8329,1,0.9406,1,1,1,0.6889,1,0.4529,0.9554,0.9945,0.9889,0.8703,0.9589,0.8586,0.9991,0.8689,0.8388,1,0.9174,1,0.8713,1,1,0.9737,0.4368,1,1,0.9574,0.5998,0.6384,0.7628,0.9652,0.9739,0.6229,1,0.6958,1,0.3539,0.8736
"OLF_L_SA",0.9295,0.8558,0.6398,1,1,1,0.2442,1,0.6384,0.8814,1,0.7335,0.8173,0.5984,0.715,0.9059,1,1,1,0.8209,1,0.7097,0.795,0.5514,0.8521,0.7835,1,0.7138,1,1,0.9456,1,1,0.6804,0.8294,1,1,0.6862,0.869,1,0.5766,0.9322,1,0.6074,1,1,0.8873,0.728,0.9495,0.7391,1,1,0.9234,0.6535,0.7725,0.8003,1,0.8439,0.7052,1,0.8726,1,0.5948,0,0.7201,0.9485,1,1,1,0.9936,0.916,0.7956,0.6036,0.9735,0.9866,0.7463,1,0.97
"SFGmed_L_SA",0.9725,0.8758,0.8019,0.9912,0.9026,0.9974,0.6329,1,1,0.9333,0.7168,1,0.959,1,0.8322,1,1,0.9016,1,0.7983,1,0.7152,0.8564,0.4943,0.9928,1,0.949,0.6684,0.5973,0.9821,0.4635,1,1,0.6331,0.7485,0.8881,0.9732,0.9671,0.8915,1,0.9132,0.9979,1,0.8328,1,0.7696,0.8959,0.8526,0.7056,0.7496,0.9287,1,1,0.7554,0.638,0.9162,0.8822,0.7716,0.5529,1,0.7689,1,0.7798,0.3583,0.5876,0.8294,1,0.5356,0.7731,0.5098,0.9661,0.7608,0.8839,1,0.9065,0.8727,0.6962,1
"ORBsupmed_L_SA",0.8533,1,0.4728,1,0.5577,0.6515,1,0.9216,0.6685,1,0.8158,1,1,0.2882,1,0.321,0.8583,1,0.8606,0.0272,0.6304,1,0.6785,0.2389,1,0.7767,0.791,0.8519,0.7192,1,0.7228,0.9224,1,0.3242,1,0.785,1,0,1,1,1,0.3455,0.9607,0.4469,0.7455,0.6955,1,0.2656,0.9895,0.4879,0.8533,1,1,0.8727,0.3915,0.862,0.2001,0.5229,1,1,0.6985,0.6335,0.427,1,0.7347,0.8118,1,0.6966,0.2944,0.7992,0.8236,0.8002,0.19,0.4727,0.8769,1,0.1287,1
"REC_L_SA",1,0.7352,0.4636,1,0.4852,1,0.2737,0.775,0.7562,0.9395,0.6064,1,0.2773,1,0.8069,0,0.669,1,0.8636,0.8089,1,1,0,0.0711,0.9784,0.6875,0.9653,1,1,1,0.7658,1,1,0.9744,1,0.7755,1,0.4169,0.9801,1,1,0.4195,0.8485,0.6583,0.712,0.6246,1,0.4837,1,0.4458,1,0.8239,0.6997,1,0.6883,0.8183,1,0.4725,1,1,0.5675,0.1492,0.8505,0,0.7933,0.7704,1,0.7325,0.8371,1,1,0.753,0,0.9592,0.7912,1,0.4232,0.7329
"INS_L_SA",0.9374,0.962,0.8626,1,1,0.9555,0.9317,0.6474,0.7642,0.8775,0.6931,0.8323,0.961,0.7506,1,1,0.7401,0.9215,0.9552,0.8431,0.9739,0.8742,0.7514,0.5057,0.9353,1,1,0.9212,0.9854,0.8235,0.9214,1,0.8951,0.3799,0.902,1,0.8757,1,0.9218,1,0.8796,0.9481,1,0.8239,1,0.6773,0.5743,0.934,0.8669,0.3148,1,1,0.8293,0.8183,0.8233,0.9247,0.9297,0.8007,0.9649,0.9488,0.8549,0.9056,0.7886,0.7383,0.894,0.8371,0.9341,0.9384,0.8132,1,1,0.6051,0.4496,0.867,0.9794,0.9585,0.9437,0.9812
"ACG_L_SA",1,1,1,0.939,0,0.8315,0.472,0.8695,1,1,0.9205,1,0.3093,1,1,1,0.8675,1,1,0.6705,0.3804,0.7987,0.1912,0.3101,0,1,1,1,0.7282,0.7786,0.7362,0.6428,0.7951,0.4903,1,0.625,0.6703,0.8442,1,1,0.7694,0.8001,0.6742,0.8664,0.2407,0.9795,1,0.3028,0.9768,0.3908,0.7578,0.7694,0.9012,0.7005,0.7488,0.8859,0,0.8437,1,0.1605,0.9771,1,0.7949,0.2862,0.4773,0.9595,0.9424,0.8944,0.9225,1,0.4474,0.908,1,0.6905,1,0.649,0.2668,1
"DCG_L_SA",1,0.8677,1,0.9448,0.9814,0.7823,0.9914,0.1492,0.9423,0.8993,1,1,0.7889,0.645,0.7487,0.8713,1,1,1,0.6777,0.7054,1,1,0.7738,0.717,0.9375,1,1,1,0.8513,0.8434,1,0.5907,0.4786,1,1,0.735,1,0.8956,1,1,0.5987,0.8663,0.4458,1,0.1009,0.6306,1,0.9953,1,1,0.8505,0.5854,1,1,0.9106,1,0.5971,1,0.6562,1,0.1204,0.9397,0.9816,0.9692,0.9166,0.9557,0.8727,0.6113,1,1,0.4863,0.6022,1,0.8015,0.9864,0.9171,0.9571
"PCG_L_SA",0.8395,1,0.9551,1,1,1,1,1,1,1,1,0.9493,1,1,0.9822,1,1,1,1,1,0.9784,0.3178,1,0.9079,0.6095,1,1,0.7552,1,0.4368,0.9232,1,1,1,0.4611,0.4628,1,0.4896,1,0.8233,1,1,1,1,1,1,1,1,0.4189,1,1,1,1,1,1,1,0.7559,1,0.9763,0.7379,0.7064,0.4503,1,1,0.9607,0.9562,0.8139,0.7205,0.8284,1,0.963,0.951,0.4021,1,1,0.8977,0.6997,1
"PHG_L_SA",0.9776,1,0.9932,0.9284,0.9514,1,0.2616,1,1,0.7469,1,1,0.8602,0.8681,0.9796,1,1,1,1,0.8488,1,1,0.3637,0.6749,1,0.9042,1,0.5717,0.9802,1,1,1,0.7838,0.6685,0.8681,1,1,1,1,1,1,1,0.9829,0.7862,0.8305,0.8704,0.5006,1,1,0.4986,0.8638,1,0.947,1,1,0.7267,0.6632,0.948,0.7572,0.9411,0.8705,1,0.7941,0.9693,1,0.9052,1,1,0.7934,1,0.9869,0.8442,0.2159,0.7053,1,1,0.5829,1
"CAL_L_SA",1,0.9549,0.9761,1,1,1,0.153,0.3711,1,0.9111,0.8335,0.8185,0,0.5886,0.871,0.6269,0.6771,0.9783,0.8608,1,1,1,1,0.7116,0.8381,1,1,0.696,1,0.8825,1,1,0.8471,0.4393,0.9329,1,0.7272,0.4572,1,0.9522,1,0.9976,1,0.8251,1,0,0.7027,0.8135,0.8036,0.9973,1,0.8903,0.9909,0.7104,0.9877,0.8581,0.8028,0.8468,0.9095,0.6693,0.8384,0.8662,0.8164,0.7916,0.856,1,0.868,1,0.6987,0.8639,0.8558,0.7646,0.4635,1,0.9418,0.9604,0.38,1
"CUN_L_SA",1,0.6295,0.7637,1,0.2054,1,1,1,1,1,1,1,0.7162,1,1,0.383,0.7563,1,1,1,1,1,1,0.4793,0.4481,1,0.9268,1,1,0.6528,1,0.8108,0.9245,1,1,0.888,1,0.6716,1,1,1,0.6616,0.7483,1,0.8692,1,0.7079,1,1,0.8418,0.5979,0.9041,0.754,0.7501,1,1,0.9189,1,1,0.8208,0.813,0.9897,0.895,0.6631,0.8847,0.9398,0.9066,1,0.4096,1,1,0.9092,0.9245,0.9202,0.8171,1,0.5431,0.9838
"LING_L_SA",1,1,0.9155,0.8804,1,0.9297,1,1,1,1,0.7632,0.7672,1,1,0.9364,0.8916,1,0.5493,1,1,1,1,1,0.8624,0.2957,1,1,1,1,0.6295,1,0.9748,1,0.5858,1,0.4547,1,0.5168,0.8482,1,1,1,0.9112,1,0.4741,0,0.8708,1,1,1,0.9748,1,1,1,0.7723,1,0,0.5999,1,1,1,1,0.9324,0.6079,1,1,1,0.6491,0.5296,0.3918,0.7864,1,0.6977,1,0.9573,1,0.3187,1
"SOG_L_SA",0.9616,0.8685,0.6265,0.8905,0.6137,0.9399,1,1,0.9947,0.9339,0.7353,0.8952,0.616,0,0.7343,0.1613,1,1,0.3239,1,1,1,1,0.6511,0.9102,1,0.9348,1,0.5718,0.1264,0.9181,1,0.6716,1,1,1,1,0.7023,1,1,0.6138,0.9548,1,0.7919,0.4836,1,0.7693,0.626,0.3824,0.322,1,1,0.7782,0.3489,0.6773,0.7883,0,0.7334,0.7535,0.8153,0.4352,0.9637,1,0.5902,0.774,0.9413,1,1,0.2485,0.4641,0.881,0.6216,0.6675,0.2641,0.9168,0.9554,0.7947,1
"MOG_L_SA",0.6969,0.3987,0.3984,0.7867,0.2904,0.5881,0,0.7871,0.3508,0.2257,0.5,0.4933,0.1754,0,0.4942,0.2772,0.6637,0.8859,0.643,0.6789,0.3786,0.6377,0.6172,1,0.6096,1,0.6841,0.8417,1,1,1,0.7011,0.6255,0.6798,1,0.6695,0.8805,0.8581,1,0.5479,0.5327,0.665,0.5591,0.6424,0.5327,0.4655,0.6864,0.3773,0.5187,0.8151,0.3361,0.801,0.5399,0.2549,0.3728,0.4944,0.4762,0.8169,0.8603,0.7485,0.5865,0.7227,0.6405,0.6123,0.679,0.5602,0.5478,0.526,0.4227,0.8689,0.7059,0.8892,0.2249,0.4597,0.6655,0.6989,0.2294,0.6482
"IOG_L_SA",0.7377,1,0.6927,0.6782,0,0.7397,0.1327,0.3093,1,0.4616,0.9303,1,1,1,1,0.0079,0.8241,0.6833,1,0.9063,0.4894,0.4242,1,0.6852,1,0.9086,0.8909,0.0894,0.8732,0.8249,1,0.8775,0.5791,0,0.4127,0.7703,0.9502,1,0.8837,0.8002,0.8115,0.9978,0.534,0.8865,1,0.8817,1,0.69,1,1,0.4802,0.5143,0.8477,1,0.8459,0.787,0.026,0.304,0.8905,0.834,0.914,0.7236,0.8029,0.6463,0.6282,1,0.3701,0.3894,0.5047,0.9134,0.9037,0.3372,0.0023,0.9903,1,0.8726,0,0.6485
"FFG_L_SA",0.9983,0.9738,1,0.8687,0.7541,1,0.8952,0.9048,1,1,0.7848,1,0.7274,0.6717,1,1,0.9257,1,0.9173,1,1,1,1,1,0.875,1,1,0.6366,1,0.9833,0.7895,1,0.708,0.3727,0.9463,1,1,0.5926,1,1,1,1,0.8656,0.6219,1,1,1,0.7578,1,1,1,1,1,0.9933,0.834,0.79,1,0.913,1,1,1,1,1,0.6818,0.8224,0.8377,1,0.8696,0.5817,1,1,1,0,1,1,1,0.6058,0.9505
"PoCG_L_SA",0.883,0.772,0.8524,0.9775,1,1,0.9649,1,0.9252,0.9784,1,0.9035,0.7116,0.834,1,1,1,0.9573,1,0.9935,0.8881,1,0.9088,0.7091,0.7487,1,1,1,0.956,0.748,1,1,0.9744,0.8999,1,0.8017,0.8733,1,1,0.8965,1,0.9588,1,0.9206,0.9319,0.629,1,0.9822,0.973,1,0.7636,0.9689,0.7716,0.9202,1,1,1,1,1,0.9691,0.7437,0.9449,0.9688,0.8143,1,0.8754,0.7385,0.7115,0.5624,1,1,1,0.5367,0.6634,0.8554,0.9766,0.3648,0.87
"SPG_L_SA",0.7541,1,0.9005,1,1,1,0.0928,1,1,1,0.7459,0.7175,0.8931,1,0.994,1,1,0.8384,0.6106,0.7123,1,1,1,1,0.0605,0.6421,1,1,1,1,0.6071,1,1,0.0757,1,1,1,0.8473,1,1,1,1,0.791,0.8306,1,0.7904,1,0.9534,1,0.8935,1,1,1,0.8575,0.5885,0.803,0.915,1,0.7089,0.782,0.8009,1,1,0.9096,0.8809,0.9984,1,0.9423,1,0.9563,0.9763,0.6367,0.6574,1,1,0.8156,0.6353,1
"IPL_L_SA",0.6716,1,0.8541,0.7934,0.7763,1,1,1,1,0.9274,1,0.6761,0.7126,1,1,0.7814,1,1,1,1,1,1,0.6332,1,0.7121,1,1,1,1,0.7387,0.9102,0.901,1,0.5363,0.9821,1,0.8972,1,1,1,0.7328,1,0.8873,0.6065,1,1,0.6872,0.8437,0.6889,1,0.7645,0.9939,1,0.8867,0.9268,0.6271,0.3348,1,0.6234,0.9532,1,1,0.8703,1,0.6362,0.894,0.8915,0.8275,0.7478,0.7791,0.9852,0.6502,0.9133,0.7693,1,0.886,1,1
"SMG_L_SA",1,0.9152,0.8711,1,0.8401,0.7486,1,0.9062,1,0.7795,1,1,1,1,0.8574,0.7582,0.8647,0.423,1,0.89,0.6586,0.596,0.2018,1,0.8378,1,0.7959,1,0.7131,1,1,1,0.2204,0.7624,0.5623,0.851,0.6435,0.8787,0.8909,0.6379,0.8054,1,1,1,0.6965,1,0.6073,0.6892,0.5724,0.4903,1,1,0.9167,0.9445,1,0.9489,0.1086,0.828,0.9977,0.9649,0.4853,1,0.7522,1,0.6695,0.8302,0.4717,0.955,1,0.7002,0.9196,0.5944,0.3001,0.6267,1,1,0.7685,0.7945
"ANG_L_SA",1,1,1,0.7993,0.3634,1,0.1052,0.8446,0.6338,1,0.9493,0.5925,0.7292,0.7394,0.9747,0.7248,0.8384,0.937,1,1,1,1,1,1,1,0.8061,1,0.5608,0.9015,1,1,0.7895,0.9106,0.5163,0.7021,0.6823,0.8183,1,0.9922,0.8447,0.8978,0.9203,0.8477,0.3924,1,0.7929,1,0.7129,0.4809,0.6156,1,1,0.9319,0.8726,0.6421,0.3944,0.9586,1,0.7096,0.9203,1,1,0.7867,1,0.8029,0.7421,1,0.601,0.9255,0.9274,0.9282,0.5739,0.9516,0.8474,1,0.8333,0.8547,0.9351
"PCUN_L_SA",1,1,1,1,0.9335,1,0.8383,1,1,1,1,1,0.9448,1,1,0.6846,1,1,1,1,0.8273,1,1,0.79,0.8708,1,1,1,0.9275,1,0.7845,1,1,0.9683,0.9297,0.7222,1,0.9802,0.9652,1,1,1,1,1,0.6316,0.9835,0.9262,0.8684,0.9495,0.6159,0.9157,1,1,0.9483,1,1,0.778,1,1,1,0.8753,1,0.9844,0.5206,0.9688,1,0.9682,1,1,0.9886,1,1,0.9452,0.8781,1,0.9763,0.7353,0.9452
"PCL_L_SA",0.9698,1,1,0.919,0.8196,0.5777,0.8383,1,0.9388,0.9638,1,1,0.8919,1,0.8881,0.7343,0.575,1,0.7321,0.8554,0.8675,1,0.6778,0.69,0.4945,0.6732,0.9475,1,1,0.2154,0.8856,0.984,1,0.2044,0.7541,0.6488,0.6428,0.8789,0.7816,0.6376,0.9607,1,1,0.9813,1,0.0312,1,0.875,0.8458,0.946,0.9466,1,0.931,0.9128,0.5789,0.9135,1,0.2878,1,0.3818,0.6224,0.7871,0.8167,0.7653,0.7627,0.9694,0.9156,1,0.8845,0.6312,0.9096,0.9878,0,0.8226,0.5,1,0.0701,0.8904
"HES_L_SA",0.9405,1,1,0.9499,0.1633,0.4567,0,0,0.7766,0.8306,0.7199,0.6186,0.4095,1,0.3999,0.4542,0.5267,1,0.7097,0.3566,1,0.5449,1,0.6408,0,0.4153,0.9168,0.0445,0.4567,0.7814,0.4127,1,0.3084,1,0.6352,1,0.64,0.0091,0.6224,1,0.844,0.3007,0.8203,0.8883,1,0,0.2126,0.2758,0.6597,0,1,0.7124,0.5627,0.3063,0.935,0.3436,1,0.5862,1,1,0.2247,0.522,0,0.2818,0.738,0.9264,0.5938,0.5127,1,0.9565,0.82,0,7e-04,0.9774,0.7998,0.6952,0.0116,1
"STG_L_SA",1,0.871,0.9593,0.8884,0.7534,1,0.1405,0.9236,1,0.456,0.7995,0.6933,1,1,0.8862,1,0.9924,0.3387,0.8176,0.8381,0.9806,0.8353,1,1,0.1551,0.8928,0.9786,0.9227,0.8595,0.4596,0.5111,0.8477,0.7417,0.6286,1,1,0.929,0,0.8658,0.8133,0.8093,0.9718,1,0.9891,1,0.9314,0.6509,0.82,0.8176,0.1145,0.8713,0.9639,0.7964,0.9636,0.959,1,0.2898,0.7355,0.85,1,0.9353,1,0.8335,0.8261,0.7036,1,0.2702,1,0.9977,0.8349,0.8601,0.6836,0.6905,0.937,0.8417,1,0.3262,0.9618
"TPOsup_L_SA",0.9713,1,0.8381,0.9689,1,0.5951,1,1,0.8986,0.8283,1,0.8829,0.7989,0.4609,1,0.4979,1,0.2981,1,1,0.7808,0.175,1,0.6451,0.3635,1,0.8579,1,1,0.6923,0.6349,0.6403,0.6002,1,1,1,1,0.8692,1,0.91,1,1,0.7649,1,0.7346,0.3182,1,0.9477,1,1,0.9912,1,1,1,1,1,0.4065,0.9028,1,0.8094,1,0.7125,1,0.8316,0.9327,1,0.755,0.8206,1,0.4662,0.9847,1,0.4119,0.7721,0.8381,0.8994,0.7349,1
"MTG_L_SA",1,1,0.9921,0.7934,0.8878,0.9327,1,1,0.72,1,1,0.8366,0.9899,1,0.8547,0.5987,0.7358,1,0.9747,0.645,1,1,1,0.8344,0.825,1,0.8324,0.9773,0.8089,0.5496,0.7138,1,0.6548,0.6488,0.9245,1,1,1,1,0.979,0.8952,0.8092,0.9345,0.9603,1,0.6536,0.78,0.8707,0.6979,0.6365,1,0.7475,0.8008,0.8298,1,0.7264,1,0.9153,0.8436,0.8404,0.9059,0.7736,0.6893,1,0.7878,0.8339,0.6807,0.7378,0.8074,0.7914,1,0.545,0.7751,0.9194,0.9537,0.965,0.4552,1
"TPOmid_L_SA",0.9078,0.9955,1,1,0.0519,0.806,0,0.2708,1,1,0.7507,0.996,0.0258,0.4585,1,0.8999,1,0.5766,1,0.5441,0.6447,0.5213,0.7454,0.9592,1,0.5949,1,0.8009,1,1,1,0.9629,0.9678,0.2394,0,0.9205,1,1,1,1,0.9245,1,0.8075,1,0.4182,0.8576,0.8549,1,1,0.7231,1,1,1,0.326,0.5756,0.9647,1,1,1,0.4967,0,1,1,0.8979,1,1,1,0.9691,1,0.4633,1,0.9559,0,0.8587,1,0.9872,0.8318,0.9517
"ITG_L_SA",1,0.7061,1,1,1,1,0.5278,0.6792,1,0.7672,0.8675,0.9189,1,0.9665,0.9341,1,0.89,1,1,1,1,0.7643,1,1,0.851,0.9935,1,1,1,0.9027,0.9682,0.9563,0.8389,0.6138,0.9286,1,1,1,1,1,0.9702,1,1,1,0.9199,0.2781,0.8394,1,0.9243,1,1,1,0.7684,1,0.8705,0.8686,0.9588,0.7976,0.982,0.8073,0.9358,1,0.8038,0.9965,0.9554,1,1,0.7282,1,0.9272,0.9355,0.8147,0.7101,1,0.9531,0.9446,0.9714,0.9421
"PreCG_R_SA",0.9628,0.9964,0.7704,0.9894,0.6948,1,0.902,1,1,1,1,0.9602,1,0.8853,1,1,1,0.7486,1,0.8963,1,1,1,0.5363,0.5993,0.9989,0.8856,0.9343,1,0.5689,0.6484,1,0.6439,1,0.8628,0.9165,1,1,1,1,0.9922,1,1,1,1,1,1,0.9388,0.8536,1,0.9529,1,1,1,0.9007,1,0.6526,0.789,0.959,0.9648,0.9006,1,0.992,0.8539,0.7532,0.822,1,1,0.8078,1,1,0.9705,0.7526,0.8927,1,1,0.8283,0.8975
"SFGdor_R_SA",0.9768,0.9548,0.9042,1,1,1,1,1,0.7913,0.8803,0.5513,0.9247,1,1,0.8721,0.7596,1,1,0.9913,1,1,1,0.6012,0.5811,0.7306,1,1,1,0.6499,0.7529,0.812,1,0.9885,0.8438,0.8686,1,0.9537,0.8297,0.9581,1,1,1,1,1,1,1,0.7543,0.7837,0.821,0.9858,0.7505,1,1,0.701,0.7931,1,0.9911,0.7273,1,0.8065,1,1,0.9161,0.7208,0.7806,1,1,0.9001,0.7176,0.8612,0.8277,0.9525,1,0.8385,0.9473,0.9286,0.9335,1
"ORBsup_R_SA",1,0.8926,0.9056,0.868,0.6755,1,0.7758,0.7361,0.9029,1,0.9163,1,0.3005,0.3675,0.9683,0.8179,0.5603,1,1,1,0.612,1,0.9891,0.7374,0.9115,1,1,1,1,1,0.9149,1,1,0.2989,1,1,0.8776,1,1,1,1,1,1,0.7597,0.8166,0.8305,1,0.5033,1,0.9413,1,0.5031,0.5925,0.9414,0.9223,1,1,0.5803,1,0.9685,0.6748,1,1,0.3291,0.8039,0.8539,0.762,0.6034,0.7,1,1,0.656,0.616,1,0.6845,0.9718,0.5029,1
"MFG_R_SA",1,1,1,0.9254,0.6303,1,1,1,1,1,1,1,0.9586,0.9636,1,0.71,0.9011,1,1,1,0.7752,0.9375,1,0.6963,0.5493,0.9248,1,0.8314,0.8807,1,0.8168,1,1,0.8236,1,0.8626,0.9863,0.8416,1,1,1,1,1,1,1,1,1,0.9518,1,0,1,1,1,1,1,0.9041,1,1,1,1,1,1,0.8931,0.536,0.9148,0.9591,1,1,0.7748,1,1,1,0.7183,0.7759,0.9698,1,0.5396,1
"ORBmid_R_SA",1,1,0.8812,0.8782,0.7831,1,1,0.9255,1,1,0.6391,0.9072,0.463,0.7183,0.9111,0.9356,0.5065,1,0.8317,0.9341,1,1,0.9112,0.7896,0.9073,0.6317,1,0.8301,0.674,1,0.4566,1,1,0.8703,1,1,1,1,1,1,1,0.7947,1,1,1,1,0.765,0.9314,1,0.8102,1,0.6966,0.6462,0.7464,0.8457,0.9013,1,1,0.9564,1,0.7906,1,1,0.577,0.9017,0.7665,1,0.864,0.6727,1,1,1,0.293,0.6962,1,1,0.9101,1
"IFGoperc_R_SA",0.9829,0.8688,0.988,1,1,1,0.9234,0.507,1,0.5663,1,1,0.7377,0.6379,1,0.2171,1,1,0.8331,1,0.862,0.3847,0.4816,0.4901,1,1,0.9317,1,0.9811,0.6298,1,0.6068,1,1,1,0.763,1,0.2457,0.8958,1,1,0.8001,1,1,1,0.794,0.2656,0.7176,0.5288,0.126,0.9085,0.8915,0.7244,0.6216,1,0.9599,0.6394,1,0.9028,1,0.2305,1,1,0.7664,1,1,1,1,0.8464,1,1,1,0.4388,1,0.7619,0.7012,0.8566,0.9504
"IFGtriang_R_SA",0.9257,0.5588,0.9999,1,0.7478,0.7671,0.5221,0.0644,0.8567,1,1,0.8109,0.6596,0.5452,0.6638,0.9536,0,0.9728,1,0,0.9614,0,1,0.411,0.7672,0.9778,0.6452,0.7286,1,1,0.6028,0.8944,0.2182,0,0.9721,0.4779,0.6371,0.7104,0.2412,1,1,0.779,1,1,0.7923,1,1,1,0.7657,0.2508,1,0.949,0.5212,0.997,0.8702,0.8154,1,0.3302,0.848,0.901,1,0,0.7822,0.7298,0.9045,1,0.1591,0.2648,0.6468,0.1302,0.7439,0,0,1,0.7631,0.4646,0.2917,0.9773
"ORBinf_R_SA",0.8928,0.9509,0.9588,1,1,1,0.4428,0.5933,0.9964,0.4997,0.8727,0.9242,1,1,0.6155,1,0.6522,1,0.524,0.7967,0.7492,0.9617,0.8636,0.8209,1,1,1,1,0.6864,0.66,1,0.9463,1,0.2762,0.7493,1,0.8848,0.8377,0.878,1,0.8419,1,1,0.7497,0.3096,1,1,1,1,0.6636,0.6031,0.9164,0.7041,0.5425,1,0.9414,0.851,1,0.8195,0.5679,0.5125,0.9647,0.7073,1,0.8261,0.9855,1,0.7251,0.662,0.7722,1,1,0.2905,1,0.8957,0.9489,0.6992,1
"ROL_R_SA",0.9756,0.8114,0.9811,1,0,0.8509,0.6831,0.994,0.9178,0.8584,0.7657,0.9151,0.2453,0.4876,0.9856,0.3326,1,1,1,0.8527,0.9935,1,0.6827,0.4455,0.6712,0.7817,1,0.9286,0.8718,0.7231,0.7314,0.8763,0.8772,0.3169,0.9103,1,0.9389,1,1,1,0.8374,0.5374,0.902,0.8931,0.7494,1,1,1,0.7357,0.5785,0.9282,0.7855,0.9062,0.9029,0.8133,0.6646,0.2924,0.9316,1,1,0.7707,0.9161,1,0.5794,0.7995,0.6206,1,0.9386,0.9718,1,0.8985,0.937,0.5729,0.8786,0.7739,0.8639,0.402,0.9863
"SMA_R_SA",0.8933,0.8841,0.8351,0.9124,0.9028,1,1,1,0.9969,0.8911,0.9336,0.7094,0.9298,1,0.8558,0.9111,0.9155,0.3583,1,0.777,1,1,0.3379,0.5404,0.8911,1,0.9833,1,0.6247,0.5423,0.2891,0.9183,0.8647,0.6589,0.8488,1,0.7286,1,0.8815,0.8739,0.808,1,1,1,0.4959,0.7369,0.9134,0.6667,1,0.0998,0.9865,1,1,0.7223,0.9223,1,0,0.6033,0.5105,0.8801,0.371,1,0.8265,0.6551,0.7963,0.814,0.8606,0.5091,0.6902,0.6097,0.9565,0.6282,0.5122,0.7077,1,0.8607,0.8151,1
"OLF_R_SA",0.9414,0.2652,0.4068,1,0.4492,0.9919,0.3644,0.0696,1,0.9475,0.7423,0.7423,0.4808,0.455,0.3571,0.3592,1,1,0.509,0.984,0.7986,1,0.3528,0.8572,1,1,1,0.8322,0.9946,0.4708,0.6007,0.5954,0.9325,0,0.1303,1,0.6512,0.6397,1,1,1,0.9464,1,0.7767,0.1552,0.2678,0.6618,0.5646,0.1259,1,1,1,0.666,0.2225,0.1506,1,0,0.6305,0.7233,1,1,1,1,1,0.2646,0.9659,0.4278,0.8087,0.943,0.737,0.6123,0,9e-04,0.2094,1,0.3952,0,1
"SFGmed_R_SA",0.9677,0.998,0.8124,0.9213,0.5097,1,0.8446,1,1,0.7135,0.9874,0.9146,0.7846,1,1,0.7336,1,1,0.8612,1,0.5253,0.8406,1,0.3341,0.2394,1,0.7784,1,0.7042,1,1,0.8678,0.9665,1,0.9086,1,1,0.9743,1,0.9517,0.7291,0.9816,1,1,0.8721,1,0.4504,0.8302,0.9919,1,1,0.9541,0.9551,0.8211,0.9843,1,0.4439,1,1,0.7164,1,0.898,0.8265,0.827,0.7861,0.7694,1,0.7033,0.4959,0.8893,1,1,0.9668,1,0.9185,0.9958,0.4348,0.9866
"ORBsupmed_R_SA",1,0.953,0.9966,1,0.6626,1,0.7716,0.8689,0.9862,0.9385,1,1,0.9924,0.8162,1,0.7912,0.8762,1,1,0.9577,0.9111,1,1,0.9097,0.3909,1,1,1,1,1,1,1,1,0.6584,1,1,0.8295,1,1,1,1,0.5215,1,0.6793,0.9384,1,0.9103,0.7755,1,1,1,1,0.5085,0.8399,1,1,0.793,0.9524,0.9679,1,0.8741,1,1,0.676,0.7557,1,0.8591,0.5657,0.8463,1,1,0.8885,0.5821,0.9268,1,0.9586,0.3348,1
"REC_R_SA",1,0.6942,0.9622,1,0.6799,1,0.2892,0.7107,1,0.8437,0.9023,1,1,0.6751,0.868,0.93,0.5856,1,0.946,1,0.7158,1,0.8916,0.6656,0.7112,1,0.8639,0.9875,1,0.9323,0.9447,1,0.9691,0.4973,0.8948,1,0.8943,1,0.7871,1,1,0.6125,1,0.6126,0.7256,0.6146,0.7258,0.9021,1,0.6556,1,0.5013,1,0.6984,1,1,1,0.7883,0.8783,1,0.6177,1,1,0.1831,0.6402,0.9129,0.8504,0.7726,0.7236,1,1,0.8559,0.0722,1,0.9691,0.9098,0.4429,0.7453
"INS_R_SA",0.9214,0.7988,0.7255,1,0.7521,0.8331,0.7703,0.3422,0.753,0.9151,0.6319,0.7304,0.8606,1,0.8133,0.6497,1,1,1,0.6885,0.7314,1,0.4335,0.233,0.9382,1,0.9261,0.8009,0.8534,0.9174,0.8265,0.9309,0.952,0.3,0.9932,1,0.843,0.2125,1,1,0.6932,0.9173,1,0.6793,0.6239,1,0.5086,0.8339,0.7249,0.2117,0.8211,0.7867,0.6803,1,0.9952,0.8539,0.697,0.7986,0.6803,0.9769,0.2591,0.9224,0.9141,1,0.6847,0.7058,0.8004,0.8539,0.3917,0.8651,0.8805,0.6212,0.4108,0.5215,0.9413,0.7456,0.9453,0.9229
"ACG_R_SA",0.8117,0.87,0.767,0.9442,0.8808,0.9994,0.0869,1,1,0.8539,0.7619,0.6812,0.4172,0.696,0.8378,0.7758,1,1,1,1,1,0.7538,0.7154,0.4674,0.829,0.8218,1,0.5768,0.9182,1,0.595,1,0.6585,0.9071,1,1,1,0.5465,0.887,0.9807,0.8548,0.9009,1,0.789,1,0.874,1,0.7971,1,0.1481,1,1,1,1,1,0.7088,1,0.4756,0.8251,1,1,1,0.8163,0.597,0.8863,1,1,0.7278,1,0.7592,0.7691,0.9491,0.5831,1,0.9719,0.9366,0.321,0.892
"DCG_R_SA",0.9441,1,0.9974,0.882,1,0.9299,0.753,1,0.9928,0.8041,0.8229,0.9618,0.8619,0.7961,0.9782,0.8998,0.917,1,0.762,0.9306,1,1,0.8443,0.5941,0.8074,0.8222,1,0.8024,0.6641,0.9855,0.4061,1,0.9304,0.4257,1,1,0.817,0.9482,0.9206,1,1,1,0.9055,0.869,1,0.8516,0.9537,0.7138,1,1,1,1,1,0.9163,0.7357,1,1,0.9694,0.845,0.9139,0.549,1,0.5813,0.5819,0.8225,0.9914,1,0.8969,0.501,1,1,0.8625,0.6784,1,0.7709,0.845,0.4479,1
"PCG_R_SA",0.9285,1,0.7672,0.8889,0.6552,1,0,1,1,1,1,0.9341,0.198,1,1,0,1,0.765,0.7376,0.8583,0.9117,0,0.0959,0.5358,0,1,1,0.9045,0.4106,0.141,0.9924,0.8041,1,1,0.4755,0.6491,1,1,0.9981,0.7252,1,1,1,1,0.8035,1,0.9019,0.3353,0,0,0.5263,0.904,1,0.8026,1,1,1,0.9088,0.732,1,1,1,1,0.6987,0.9591,0.6336,0.9219,1,0.8159,0.5137,0.714,0.943,0.9004,0.9108,1,1,0.2703,0.8813
"PHG_R_SA",1,0.6579,0.8966,0.8472,0.7979,0.7224,0.7646,0.6402,0.7865,0.8372,0.8385,0.7853,0.5189,0.4201,0.8237,0.8527,0.6251,1,0.9425,0.8434,1,0.5797,0.7658,0.8708,0.2195,0.9346,1,1,0.9794,0.8325,1,1,0.3933,0.6139,0.7822,0.9076,0.9413,1,0.7945,0.8335,0.7501,0.6253,1,1,1,0.4464,1,0.9315,0.6504,0.645,1,0.9194,0.754,0.8205,0.4987,0.9033,0.853,1,1,1,0.9817,1,1,1,0.5796,0.9853,0.8794,0.7301,0.6781,0.8024,0.8343,0.8468,0.2708,0.9248,1,1,0.831,1
"CAL_R_SA",0.9487,0.9677,1,1,1,1,0.2681,0.8244,1,1,0.6994,0.5994,1,1,0.9803,1,1,0.9774,0.7852,0.9217,1,1,0.7617,0.9218,0.8601,1,1,0.7757,0.5725,1,0.6459,1,1,1,0.9554,1,0.9447,1,0.9896,1,1,1,1,0.8752,0.9488,0.9035,0.7614,1,0.5684,0.7366,1,0.9207,0.8277,0.7159,0.8271,0.7956,0.6833,1,1,1,0.7644,1,1,0.7937,1,1,1,1,0.9531,0.6704,1,0.758,1,1,1,0.9915,0.7069,0.9784
"CUN_R_SA",0.8929,0.8087,0.8117,0.987,0.8706,0.6996,1,0.4383,0.9474,0.674,1,0.9669,0.9914,1,0.9472,0.0501,0.6011,0.6079,0.9358,0.5975,0.7737,1,0.7697,0.6759,0.6193,1,0.9299,0.7114,0.842,0.8549,0.6844,1,0.3699,1,1,0.7735,0.8335,0.3903,0.7414,0.9253,0.7266,0.9299,0.9425,0.9022,1,0.9254,0.3926,0.9207,0.8687,1,0.6399,1,1,0.9223,1,0.7692,1,1,1,1,0.8919,0.9293,0.7442,0.7984,0.8005,1,1,0.5572,0.8947,0.5321,0.7862,0.5101,1,1,0.537,0.769,0.4101,1
"LING_R_SA",1,0.6841,0.9484,1,0.8762,0.7338,0.7007,0.1685,1,1,0.8602,0.8915,0.8275,0.6715,0.9261,1,1,0.9191,0.9892,0.8907,0.8416,1,0.5146,0.6912,0.9815,1,0.8407,0.7482,1,0.6057,1,0.8431,0.6805,0.2982,1,1,1,0,1,1,1,0.7824,1,0.8391,0.4452,1,0.5192,0.7891,0.5111,1,1,0.9695,0.7842,0.4069,1,0.5848,1,1,0.8067,1,1,1,0.8411,0.9944,0.9299,1,0.9271,1,1,1,1,1,0,0.8481,0.9072,0.9198,0.0784,0.7026
"SOG_R_SA",1,1,1,1,0.8679,0.5915,0.6377,0.8986,0.8294,1,1,1,0.604,0,0.9504,1,0.1359,0.3862,1,0.8569,0.9761,1,0.954,0.7457,0.6274,1,0.968,1,1,1,1,1,0.8021,0.5822,1,0.8337,0.8203,1,1,1,1,1,1,1,1,0,0.9034,0.8741,1,0.7807,0.928,1,1,0.9006,1,1,1,1,1,0.9843,1,1,0.7195,1,1,0.8754,1,1,0.4599,0.8862,1,0.9639,0.5706,1,1,1,0.8892,1
"MOG_R_SA",0.9354,0.8847,0.9089,1,1,1,0.0571,0.7904,0.6655,0.8846,0.6172,0.7962,0.4054,0.827,0.8461,0.8359,0.9723,1,0.812,0.8312,0.8608,0.9262,1,0.6939,0.7609,1,1,1,0.8371,0.7013,0.7686,0.9698,0.7868,0,0.9257,1,0.8252,1,0.8244,1,0.9579,1,0.8755,1,1,0.7891,0.692,1,0.8728,1,0.888,1,1,0.9513,0.8021,0.5477,1,1,1,0.8105,0.7588,0.7246,1,1,1,1,1,1,0,1,0.9595,0.5401,0.7278,1,1,0.9573,0.4518,1
"IOG_R_SA",1,0.6783,0.914,0.9854,0.5435,1,0.7124,1,0.3706,0.4602,0.0504,0.5211,1,0,0.846,0.4009,1,1,1,0.8889,0.6856,0.6174,0.761,0.8144,0.7025,0.7584,0.9161,0.9577,1,1,1,0.5529,0.7057,0.3619,1,1,1,0.8631,1,1,0.8995,0.4643,0.6116,0.5582,0.8324,0.862,1,0.605,0.8899,1,1,0.7413,0.2133,1,0.6974,0.5891,0.7072,1,0.767,1,0.943,1,1,1,1,0.966,0.9285,0.6656,0.8261,1,0.9691,0.4923,0.6123,1,0.8154,1,0.9848,1
"FFG_R_SA",1,0.7647,0.8374,0.9602,0.5457,1,0.8564,0.8122,1,0.9326,0.7235,0.6167,0.6958,0.7107,0.9121,0.4625,0.9406,0.9727,1,0.8627,0.8858,0.9878,0.7763,0.732,0.5487,0.8033,1,0.8026,0.5751,0.6386,0.7191,0.9467,0.7829,0.7552,0.7837,0.9359,0.8531,1,0.9466,0.8137,0.801,0.7908,0.9064,0.8324,1,0.9146,0.7615,0.6695,0.8064,0.2673,0.8264,0.709,0.5748,0.7042,0.8368,0.745,0.9156,0.5948,1,0.8883,0.8466,1,1,0.91,1,0.7863,0.682,1,0.8066,0.7692,0.9006,0.7693,0.9203,0.9686,1,0.9771,0.8944,1
"PoCG_R_SA",0.9602,0.9484,0.6664,0.9124,0.4,1,1,1,1,1,0.9713,0.882,0.7814,0.6989,0.8842,0.9459,0.9192,0.8827,0.9424,1,0.9276,1,0.9552,0.6535,1,0.8521,0.9121,0.9567,0.8928,0.8211,0.7147,1,0.9512,0.9414,1,1,0.9231,1,1,0.8908,1,0.8612,0.9727,0.6739,1,1,0.9935,0.5851,0.8342,0.9774,0.8285,0.9713,0.8762,0.7534,1,0.9862,0.598,1,1,1,1,0.9181,1,0.8706,0.8112,1,1,0.8364,0.8324,1,1,1,0.8164,0.538,0.9922,1,0.9886,1
"SPG_R_SA",1,0.8019,0.8856,1,1,1,0.1605,0.9209,0.9735,0.9124,1,1,0.9926,0.9783,0.9422,0.9392,0.9939,0.7766,1,0.9027,0.896,1,1,0.6341,0.3038,1,0.7824,1,0.8824,0.474,0.9955,0.9643,0.9289,0.6101,0.4588,0.8032,0.7733,1,1,1,1,0.7416,1,1,1,0.1919,1,0.9738,0.8869,0.4274,1,0.8199,0.8095,0.8146,1,1,0.8797,0.8933,1,1,0.8597,1,1,0.777,0.7061,1,1,0.5725,0.8871,0.9047,1,0.9462,0.2721,1,1,1,0.4485,0.8073
"IPL_R_SA",0.7576,0.9067,0.8363,0.9126,0.8325,0.8392,0,0.7915,0.9411,0.5442,1,0.6232,0.675,0.651,0.968,0.874,0.9089,0.7062,1,1,1,0.5323,1,0.6387,0.3765,0.8969,0.7786,0.9071,0.8276,0.9623,0.6057,1,1,0.5299,1,0.9031,0.826,0.9363,0.7615,1,0.9738,0.5981,1,0.7841,1,0.3342,0.6482,0.915,0.5915,0.7939,0.8304,0.526,0.7218,0.9251,0.7669,0.8787,1,0.7574,1,0.7395,1,1,1,0.6139,1,0.8518,0.5853,1,0.4006,0.4552,1,1,0.4812,1,1,1,0.1375,0.9452
"SMG_R_SA",0.9141,0.4701,0.7749,0.9918,0.5248,0.9408,0.2421,0.7386,0.9783,0.5457,1,0.8205,0.2873,0.7335,0.8141,0.8729,0.6015,0.8229,0.8124,0.7416,0.2648,0.396,0.2433,0.4836,0.3935,0.5583,0.6066,1,0.7134,1,0.8683,1,0.949,1,1,1,0.8831,1,1,0.8656,0.7269,0.715,0.7922,0.5603,0.9049,0.7025,0.6018,0.9317,0.716,0.9475,0.556,0.771,0.6486,0.4126,1,0.4503,0.7331,0.6683,0.9305,0.9737,1,0.5216,0,0.5568,0.8278,0.8287,0.8784,0.3517,1,1,0.9542,0.4635,0.3288,0.3767,0.9098,0.8227,0.7922,1
"ANG_R_SA",0.8063,1,1,1,1,0.863,1,1,0.628,0.6636,0.9705,0.5658,0.7764,1,1,0.9787,1,1,1,0.8688,1,0.2189,0.5138,0.9038,0.8015,1,1,0.8613,0.7514,0.6746,0.9069,0.9472,0.681,0.9505,0.9149,0.6293,0.8564,0.3822,0.9226,1,0.8957,1,1,1,1,0.2082,0.6762,1,0.6702,0.6831,0.9776,1,1,0.9517,0.7306,0.9509,0.4455,0.807,0.6457,0.7596,1,0.8858,1,1,0.7892,1,0.8564,0.429,1,1,0.8859,1,1,1,1,1,0.6765,1
"PCUN_R_SA",1,1,1,0.956,0.8303,0.9554,0.6612,0.9786,1,0.9263,0.9111,0.9804,0.8006,1,1,0.455,1,0.9513,0.9865,0.8417,1,0.748,0.887,0.7585,0.8595,1,1,0.9701,0.955,0.9036,0.8988,1,0.9333,0.7796,0.8999,1,1,1,0.9334,1,0.8487,1,1,1,1,0.7738,1,0.8828,0.9671,0.611,1,1,1,0.8404,0.7713,1,0.6759,0.8347,1,0.785,1,1,0.9635,0.9085,0.9039,1,1,1,0.9433,0.8879,1,0.8902,0.8634,1,1,1,0.5808,1
"PCL_R_SA",0.9912,1,0.9034,0.9822,0.7724,1,0.2725,0.4411,1,0.9528,0.8031,0.8355,0.8106,0.7232,0.6631,0.9068,0.5345,1,0.8606,0.8041,0.9072,1,0.6883,0.9986,0.2655,1,1,0.6075,0.6877,0.6025,0.5835,1,0.997,0,0.8216,1,0.6333,0.899,0.8443,1,1,0.6953,1,1,1,0,0.9955,0.934,0.7004,0,1,0.8817,0.8422,0.695,0.9653,0.8593,0.8847,0.8832,0.7822,0.6757,1,1,0.5574,0.4466,0.8432,1,0.9782,1,0.5558,1,0.9103,1,0.2822,0.8771,1,0.9084,0.6061,1
"HES_R_SA",0.8212,0.6778,0.7979,0.6925,0.5557,0.3434,0.0721,0.0072,0.8191,0.5771,0.6586,0.897,0.266,0.0031,0.4638,1,0.6739,0.388,0.2056,0.3729,0.9539,0.6908,0.7382,0.1499,0,0,0.5444,0.6945,0.9373,0.2861,0.9448,1,0,2e-04,0.7112,0.3757,0.7785,0,0.72,0.7352,1,0.6537,0.6998,0.2601,0.4961,0,0.2343,0.5718,0.5381,0.0304,0.9707,0.6268,0.0867,0.4313,0.5968,0.6531,0.8653,0.2226,1,1,0,0.5551,0.7256,0.5773,0.9333,0.7926,0.2326,0.4499,0.3113,1,0.9424,0.2751,1,0.4311,1,0.6509,0,0.6304
"STG_R_SA",0.8169,0.7671,1,0.7888,0.1395,0.8765,1,0.9937,1,1,0.9791,1,0.4083,0.921,0.8795,0.6742,0.9982,1,0.7172,1,0.8186,1,0.2629,0.4433,0.9223,1,0.6844,1,0.7396,0.5815,0.7574,0.8057,0.8687,0.933,0.9518,0.7578,0.9282,0.6936,1,0.8817,0.8141,0.9739,0.6877,0.6568,1,1,1,0.8359,0.7004,0.218,1,0.8807,1,0.5378,1,0.9699,0.8856,0.875,0.9078,1,0.7091,1,1,0.7769,0.9451,0.4695,1,1,0.3249,1,1,0.8099,0.4059,1,1,0.828,1,1
"TPOsup_R_SA",1,0.9015,0.9391,0.9588,0.9312,0.8807,0.4793,1,0.5666,0.5738,0.9291,0.9149,0.7855,0.7251,0.9751,0.9988,0.8467,1,1,0.8965,0.7586,0.8293,0.8861,0.6794,1,1,0.8681,1,1,1,1,1,0.4943,0.785,0.8852,0.8592,0.9851,0.9574,0.9381,1,0.9393,0.6447,0.9534,0.9423,0.7382,0.813,0.8315,0.6704,1,1,0.9351,1,0.897,0.9287,0.9442,0.6907,1,1,1,0.575,0.7731,0.9646,1,0.6926,0.9879,0.9559,1,0.9431,0.8793,1,1,1,0.9618,1,1,0.9397,0.4362,1
"MTG_R_SA",0.9833,0.8395,0.8817,1,0.9566,0.9477,0.8421,0.8539,0.9197,0.9845,0.7746,0.8628,0.9926,1,0.9612,0.689,0.9743,0.8867,1,0.942,1,1,0.9419,0.6915,0.8505,1,0.9727,0.7909,0.8649,1,0.7752,0.9842,1,0.6676,1,0.9003,0.9768,1,0.9404,1,0.9169,0.9847,1,1,0.7313,0.5274,0.9375,0.8308,0.8533,0.4159,0.9874,0.9238,0.8767,0.7484,0.9231,0.8036,1,1,0.9618,0.8132,0.86,1,0.9353,1,0.9407,1,1,1,0.7845,1,1,0.863,0.6272,0.8388,0.9299,1,0.7826,1
"TPOmid_R_SA",0.7853,0.6414,0.5796,0.561,0.0771,0.6901,0,0.8896,0.5845,0.2608,1,0.6707,0.1054,0.3994,0.9568,0.2207,0.9198,0.638,0.5694,0.3142,0.5053,0.218,0.7981,0.1999,0,0.6163,0.3552,0.6032,1,0.7301,0.8239,0.7368,0.1414,3e-04,0.3129,0.704,0.4576,0.7962,0.9771,0.8247,0.9459,0.4846,0.516,0.8623,0.8414,0.3058,0.6712,0.3593,0.8327,0,0.427,0.3151,0.4491,0.9176,0.2756,0.3663,0.1471,0.8143,0.6521,0.3725,0,0.8425,0.424,0.8537,0.8811,0.9483,0.4314,0.0904,0.7486,0.6647,0.5817,0.5637,0,1,0.4348,0.7875,1,0.6514
"ITG_R_SA",1,0.7983,0.9952,1,1,1,0.6367,0.8798,1,0.7911,0.9482,1,1,0.6852,0.9803,1,0.9525,1,1,1,0.9242,1,0.9961,0.6642,0.5986,0.9118,0.8583,1,1,0.7512,0.903,0.9264,0.8733,1,0.9854,1,1,0.9219,0.93,0.9019,1,1,1,1,0.9347,1,1,0.972,1,1,0.9607,1,0.7205,0.9083,0.8609,1,0.8241,1,0.9416,1,0.6733,1,1,1,1,1,0.7783,0.9577,1,1,1,0.9774,0.5659,1,1,1,0.6506,1
