"","PreCG.AF8.L.AF8.SA","SFGdor.AF8.L.AF8.SA","ORBsup.AF8.L.AF8.SA","MFG.AF8.L.AF8.SA","ORBmid.AF8.L.AF8.SA","IFGoperc.AF8.L.AF8.SA","IFGtriang.AF8.L.AF8.SA","ORBinf.AF8.L.AF8.SA","ROL.AF8.L.AF8.SA","SMA.AF8.L.AF8.SA","OLF.AF8.L.AF8.SA","SFGmed.AF8.L.AF8.SA","ORBsupmed.AF8.L.AF8.SA","REC.AF8.L.AF8.SA","INS.AF8.L.AF8.SA","ACG.AF8.L.AF8.SA","DCG.AF8.L.AF8.SA","PCG.AF8.L.AF8.SA","PHG.AF8.L.AF8.SA","CAL.AF8.L.AF8.SA","CUN.AF8.L.AF8.SA","LING.AF8.L.AF8.SA","SOG.AF8.L.AF8.SA","MOG.AF8.L.AF8.SA","IOG.AF8.L.AF8.SA","FFG.AF8.L.AF8.SA","PoCG.AF8.L.AF8.SA","SPG.AF8.L.AF8.SA","IPL.AF8.L.AF8.SA","SMG.AF8.L.AF8.SA","ANG.AF8.L.AF8.SA","PCUN.AF8.L.AF8.SA","PCL.AF8.L.AF8.SA","HES.AF8.L.AF8.SA","STG.AF8.L.AF8.SA","TPOsup.AF8.L.AF8.SA","MTG.AF8.L.AF8.SA","TPOmid.AF8.L.AF8.SA","ITG.AF8.L.AF8.SA","PreCG.AF8.R.AF8.SA","SFGdor.AF8.R.AF8.SA","ORBsup.AF8.R.AF8.SA","MFG.AF8.R.AF8.SA","ORBmid.AF8.R.AF8.SA","IFGoperc.AF8.R.AF8.SA","IFGtriang.AF8.R.AF8.SA","ORBinf.AF8.R.AF8.SA","ROL.AF8.R.AF8.SA","SMA.AF8.R.AF8.SA","OLF.AF8.R.AF8.SA","SFGmed.AF8.R.AF8.SA","ORBsupmed.AF8.R.AF8.SA","REC.AF8.R.AF8.SA","INS.AF8.R.AF8.SA","ACG.AF8.R.AF8.SA","DCG.AF8.R.AF8.SA","PCG.AF8.R.AF8.SA","PHG.AF8.R.AF8.SA","CAL.AF8.R.AF8.SA","CUN.AF8.R.AF8.SA","LING.AF8.R.AF8.SA","SOG.AF8.R.AF8.SA","MOG.AF8.R.AF8.SA","IOG.AF8.R.AF8.SA","FFG.AF8.R.AF8.SA","PoCG.AF8.R.AF8.SA","SPG.AF8.R.AF8.SA","IPL.AF8.R.AF8.SA","SMG.AF8.R.AF8.SA","ANG.AF8.R.AF8.SA","PCUN.AF8.R.AF8.SA","PCL.AF8.R.AF8.SA","HES.AF8.R.AF8.SA","STG.AF8.R.AF8.SA","TPOsup.AF8.R.AF8.SA","MTG.AF8.R.AF8.SA","TPOmid.AF8.R.AF8.SA","ITG.AF8.R.AF8.SA"
"PreCG.AF8.L.AF8.SA","1","0.7815406","0.5999872","0.9076000","0.759068344108254","0.8900235","0.511923082265858","0.712339313106556","0.6829409","0.7083429","0.37913105","0.6910033","0.992987158564242","0.526441602089963","0.6314019","0.999999469263229","0.789593689605286","0.3842651","0.5166582","0.549347688994851","0.71520813","0.51316935639907","0.660944324639657","0.554501564730141","0.997512362119192","0.668565034510899","0.8441391","0.454320848388234","0.3432969","0.72648750","0.506311957","0.5397499","0.586414278070265","0.999996882572855","0.7265168","0.7363576","0.7651535","0.464918273031621","0.6796038","0.9303208","0.7497930","0.9999930","0.8229462","0.5980298","0.6475067","0.905109090053854","0.5803059","0.8811628730091","0.655478120955862","0.999999557247286","0.8869924","0.9429724","0.71825864","0.6421082","0.88142922","0.7319560","0.346594572222093","0.5664337","0.53533165","0.6195686","0.558739159657411","0.553578780675529","0.599392113177087","0.699736044794672","0.6814308","0.7712676","0.69024057","0.533965609658177","0.46332820","0.46674812","0.5583684","0.661737177946768","0.999999971151778","0.6167208","0.6923349","0.7038508","0.999999579104233","0.6985703"
"SFGdor.AF8.L.AF8.SA","0.7842377","1","0.6548758","0.8892513","0.984121296132487","0.8943963","0.481911468613643","0.581138142463692","0.6306451","0.8854512","0.51250009","0.9522600","0.999986052413677","0.377709645612177","0.9623106","0.999999999429093","0.623873788097686","0.6464427","0.8428234","0.468206775467255","0.36030930","0.713244790589685","0.533102736607059","0.279177761417146","0.999995120289299","0.898257447888722","0.6044243","0.738437340791656","0.4952773","0.74603131","0.460728632","0.5972034","0.727638769254238","0.999999840112052","0.6512673","0.5204399","0.7532620","0.481335937790533","0.4684364","0.8490012","0.9999988","0.9328617","0.8079813","0.7813712","0.4743644","0.477261518604089","0.7270723","0.670121186618963","0.817875095416256","0.999928133182811","0.9970694","0.8203620","0.40909631","0.6263518","0.98614015","0.9999990","0.318943179246029","0.4129508","0.42106525","0.5425486","0.193288546386985","0.722334541742919","0.572142049853416","0.357147228137124","0.5891868","0.7390526","0.56257724","0.655050774267272","0.20808477","0.48524887","0.6106961","0.802548558399105","0.999999676769472","0.6602336","0.5832570","0.6687463","0.999999984676922","0.5345567"
"ORBsup.AF8.L.AF8.SA","0.6297766","0.6872418","1","0.8103239","0.999995739856673","0.9999805","0.621117405596763","0.891095894565518","0.8501462","0.7769774","0.36827192","0.6520198","0.999964534647188","0.478070444868742","0.7673323","0.99999706996539","0.910841663834969","0.6491791","0.7159156","0.527321520033647","0.41269527","0.395451040203873","0.355834980201565","0.374107465372785","0.993848772706721","0.989277330686381","0.6703027","0.576483129594186","0.5682116","0.99995649","0.754854193","0.7944741","0.999996472518496","0.999999385501083","0.7175348","0.6002455","0.8107151","0.668789240047663","0.9318311","0.6307761","0.6926093","0.9999990","0.8018622","0.9174340","0.6977087","0.999999874508709","0.8966579","0.999999725106632","0.690083910251689","0.999999727629031","0.7767069","0.9064722","0.76769105","0.6688246","0.76922131","0.9917847","0.436359609841169","0.6353574","0.54842524","0.5010316","0.318487036432309","0.613427042404014","0.726341259997537","0.680089715269342","0.7107084","0.5227447","0.72550960","0.860646337716373","0.50059054","0.57653934","0.8807571","0.849700677918251","0.999999860776324","0.9999985","0.6873507","0.6604255","0.999999867810537","0.8671814"
"MFG.AF8.L.AF8.SA","0.8900965","0.8950686","0.7993200","1","0.709482482880871","0.8639909","0.783206811035359","0.999547567436701","0.6004113","0.9104951","0.62559071","0.8472549","0.999958116044956","0.649970056895218","0.7758856","0.999999681573443","0.689768612823293","0.5409548","0.5208673","0.545866008804024","0.60967805","0.476884704034467","0.562774142864927","0.646705995848786","0.982708226826145","0.778023531867636","0.7689303","0.616150003925694","0.5109616","0.97306205","0.457343340","0.6759544","0.517361497567339","0.999998559247254","0.6959090","0.7183169","0.6560167","0.738136027724992","0.7276286","0.8377534","0.7173907","0.7956572","0.9999998","0.7322318","0.6474858","0.950594516845613","0.8760040","0.905220331175278","0.668902679233264","0.99999993418785","0.8729317","0.8037795","0.86749217","0.8896840","1","0.8551533","0.416697823291076","0.5421994","0.52892751","0.6394555","0.57832093879868","0.567812054154384","0.641468216715664","0.552281037513444","0.7516266","0.7509947","0.75863393","0.725271588092385","0.72115688","0.50355679","0.6461829","0.847648336201057","0.999999785457363","0.5936793","0.7393584","0.7201548","0.999983802565113","0.7057858"
"ORBmid.AF8.L.AF8.SA","0.8324243","0.9999785","0.9999998","0.7160311","1","0.9703982","0","0.999999935096785","0.8603152","0.9990014","0.79698369","0.9965128","0.999999295024977","0.749646047478262","0.9967883","0","0.998941373264034","0.9999003","0.6825808","0.998564621973611","0.89086615","0.99999766285924","0.668153347984365","0.46658722036831","0","0.999640268003134","0.9998207","0.920133911605713","0.9805132","0.83721609","0.653090364","0.9977278","0.999753850553648","0.99902929671991","0.7009512","0.9999882","0.7788056","0","0.9811604","0.9843963","0.9998107","0.9998168","0.9962870","0.9999998","0.6544508","0.753348233281895","0.9999998","0","0.940279835853555","0.99998696483658","0.9077934","0.9155797","0.72672843","0.6749013","0.99998225","0.9999990","0.432846321575882","0.6006520","0.99998498","0.8861322","0.539552208570728","0.767396005576991","0.999632240731033","0.585100806731611","0.9970508","0.5704801","0.99926805","0.999997835281962","0.47278438","0.98790229","0.9786361","0.99861151800844","0.999999613672661","0.9218563","0.7461078","0.6903137","0.999974242260526","0.9998495"
"IFGoperc.AF8.L.AF8.SA","0.9331544","0.9090663","0.9911270","0.8726150","0.960506318761398","1","0.960673154371534","0.859777953782814","0.9429243","0.7280323","0.77214990","0.7734890","0.999874861264526","0.812528012671775","0.7973019","0.99999956862457","0.726008005550327","0.6207210","0.7409052","0.6504943831045","0.75061991","0.398412970343049","0.504392924188767","0.508286690733972","0.999999852318455","0.999431319139381","0.8078282","0.720069208633039","0.8330677","0.70395516","0.692648816","0.7327091","0.570220030151863","0.99999987517895","0.8311304","0.6506568","0.7840582","0.482610333150791","0.7390927","0.8495951","0.7629870","0.9999993","0.8369805","0.9076994","0.9222791","0.999951433375827","0.8983477","0.956125329169613","0.75586520233194","0.999999963742368","0.9834650","0.7571062","0.72649850","0.8376617","0.91514339","0.9508382","0.715832251409857","0.5031113","0.71819262","0.5720310","0.370522845748441","0.437352141445533","0.783894161984741","0.671551186099761","0.7469950","0.8293834","0.90042937","0.652782763040333","0.53359748","0.50968677","0.7121081","0.85677840827953","0.999999336039777","0.9400169","0.6957856","0.7059680","0.999997601229418","0.8197167"
"IFGtriang.AF8.L.AF8.SA","0.5480338","0.5285475","0.6224879","0.9933619","0","0.9981335","1","0.276278061618568","0.5412178","0.2260371","0.20971041","0.6128133","0.999416183546079","0.190682202422854","0.7474078","0.366960658258114","0.559801118154962","0.9999967","0.9938087","0.044567552832981","0.45204532","0.371905981749473","0.592084295097062","0","0","0.669681096375262","0.5311386","0","0.7267652","0.99974962","0.008081827","0.3608691","0.198977124646913","0","0.1768089","0.5691133","0.7520246","0.931325564400612","0.3314501","0.5765908","0.7327620","0.6876936","0.5783681","0.7537908","0.3931301","0.999998510220865","0.3817809","0.474067817918451","0.430114263129504","0.999977881683942","0.6080732","0.5539339","0.23053834","0.5880750","0.03768777","0.7497413","0","0.5930704","0.07504333","0.7281217","0.261320912513065","0.367016866107807","0","0.357088545997867","0.5860463","0.6488245","0.07213514","0","0.14568186","0.84624783","0.3835614","0.138442923583081","0.999996265550636","0.9999041","0.2327518","0.5225417","0","0.4354708"
"ORBinf.AF8.L.AF8.SA","0.7280437","0.6251994","0.8943248","0.9944140","0.999999949845729","0.8534321","0.187770847857432","1","0.4169478","0.6128159","0.58396461","0.9999479","0.999996878287078","0.747708178187069","0.5398088","0.999790256870504","0.162075078204142","0.8036036","0.7502976","0.214938775588871","0.78315185","0.592542760910433","0.711011286650369","0.706811918718117","0.963801304136881","0.670226353215063","0.9959896","0.509216425900214","0.6881810","0.80494032","0.433991128","0.7740058","0.644665925691216","0","0.5950431","0.9999984","0.8568667","0.25596471063408","0.4692351","0.9990295","0.9987457","0.7268431","0.9974958","0.9063160","0.3589549","0.06358393208944","0.8063461","0.999992261494059","0.817865125620004","0.999184080291173","0.9794109","0.7264626","0.50186434","0.3398784","0.99999386","0.9999989","0.560279660189081","0.4336702","0.45175852","0.3213464","0.018404386013339","0.613711258248672","0.544830403729588","0.699421565725847","0.5583669","0.9999895","0.70631715","0.768720267955998","0.43534116","0.60892681","0.7674905","0.422594048090632","0.99998973462728","0.6234296","0.9834545","0.6241788","0.999997198334227","0.6154654"
"ROL.AF8.L.AF8.SA","0.6729019","0.5630265","0.8234884","0.5999036","0.697320323693631","0.9380156","0.471564008854939","0.392704517984606","1","0.5883483","0.22030593","0.9998819","0.998341013146116","0.410916657842779","0.5272796","0.999982770500091","0.619860021225347","0.6426885","0.5891899","0.587482149435613","0.58267843","0.425722386942169","0.537993187831119","0.316107655740478","0.933006378713785","0.92111654491811","0.5921135","0.681411789259332","0.5853051","0.67394685","0.284199325","0.5364233","0.610373318729645","0.999996778133214","0.5895990","0.5549847","0.5357542","0.585392606284828","0.6204711","0.5554183","0.4893443","0.6243775","0.6373988","0.9356513","0.6241420","0.999990284458797","0.6165871","0.999999877549574","0.609962878864058","0.999999642734965","0.6133128","0.6969460","0.68706898","0.4809610","0.99974296","0.7519994","0.57806557903096","0.4365117","0.55080055","0.6223726","0.493526488623756","0.377129078370229","0.460328314378388","0.175830351117764","0.6979606","0.6074658","0.56779953","0.646516695187423","0.48895229","0.29077836","0.6248808","0.746766662142245","0.999999901221919","0.9724386","0.3597581","0.5830991","0.999999303570412","0.5492260"
"SMA.AF8.L.AF8.SA","0.7509405","0.8636144","0.7788841","0.9166654","0.999995473761214","0.7219099","0.313159839203079","0.61973079553006","0.6179992","1","0.56797510","0.9008811","0.99999865703126","0.530943041442913","0.7076670","0.969536730502806","0.576794728327563","0.4865521","0.4845674","0.556419884038525","0.79996904","0.62484832978857","0.598762715722011","0.274421145936232","0.871072138589488","0.936058226817922","0.7668752","0.633070318508783","0.5027764","0.67064911","0.496021854","0.6698825","0.704290688925269","0.999999818518004","0.4741417","0.6459940","0.9101900","0.657920852800184","0.5039379","0.8807609","0.8502977","0.9980096","0.8443429","0.8356599","0.3109813","0.840023582446882","0.3543924","0.948566336825992","0.970124841934438","0.999999945188483","0.8577617","0.6725539","0.51159849","0.6486202","0.92725940","0.9218282","0.374002183229202","0.5358868","0.56862553","0.6625989","0.595840579501271","0.701906330937216","0.511765967037611","0.291720826759197","0.9193756","0.9590972","0.70593865","0.462832797780176","0.39762842","0.34186606","0.6381080","0.716667473770529","0.99999999873136","0.9903433","0.4463338","0.7135821","0.999999285790095","0.5438012"
"OLF.AF8.L.AF8.SA","0.3737415","0.4970155","0.3560331","0.6185956","0.74744755015285","0.7748494","0.187411246382108","0.582693514807427","0.2266759","0.5556116","1","0.4426206","0.999997871072445","0.999995876590764","0.5088249","0.704706257425164","0.499936002984584","0.4632331","0.5071308","0.34276307871367","0.34783441","0.185809752907557","0.310203223555808","0.27203463014642","0.986818864864935","0.51787611035642","0.5925466","0.352784499004157","0.6001216","0.99973348","0.422562758","0.5080979","0.574985782730827","0.999998900828206","0.3199391","0.3476217","0.5074411","0.27358587460507","0.4796760","0.5632817","0.2654175","0.5855274","0.6103814","0.3211105","0.3354570","0.785048391648718","0.4918288","0.453047045264796","0.508705864963059","0.999999999499299","0.4352744","0.6135776","0.60356579","0.3278530","0.62190004","0.5707398","0.190816598096966","0.4705761","0.28088888","0.3875343","0.25282267296836","0.342309508503074","0.323341763289305","0","0.3156134","0.5336095","0.65513252","0.55373489372143","0.55513656","0.45009909","0.4595164","0.488372492255277","0.999999686752569","0.5626074","0.4211978","0.4253876","0.99999833870948","0.4562012"
"SFGmed.AF8.L.AF8.SA","0.7029889","0.9918514","0.6319676","0.8841400","0.999960679685495","0.7476504","0.543455806533484","0.999745278891145","0.7783313","0.8949496","0.44036831","1","0.999072426645807","0.823836410427225","0.6986283","0.999988796085433","0.700645681823214","0.5137144","0.8605522","0.417323189508623","0.80413709","0.411668628961329","0.483606588237628","0.385482165669833","0.926866654462503","0.913225714992199","0.8091574","0.374082293661104","0.4435028","0.99999295","0.272593827","0.6656767","0.874982385431846","0.999979451912002","0.5821505","0.7153190","0.8050188","0.685651551447907","0.6160026","0.8552121","0.8025981","0.9999890","0.8189262","0.8186258","0.8502025","0.9901920651214","0.8509085","0.999996201517383","0.634303228832909","0.999999983362936","0.9959241","0.9548138","0.82766588","0.6867454","0.93466225","0.9999986","0.402902522840954","0.5090032","0.27052436","0.6299247","0.404746272279793","0.605017305253977","0.640470490311929","0.303792842731712","0.4643236","0.6970368","0.69633380","0.490428178440038","0.38868709","0.25742156","0.6243268","0.714577885733003","0.999999986719133","1","0.6833199","0.6939439","0.999999752261216","0.9990503"
"ORBsupmed.AF8.L.AF8.SA","0.9999319","0.9999299","0.9982672","0.9999987","0.999994393084637","0.9999904","0.99420635404007","0.999979837763007","0.9508109","0.9999995","0.99998115","0.8770398","1","0.999993292349776","0.9999970","0.992615662521617","0.999880290220418","0.9999996","0.9994101","0.988982464490303","0.60266205","0.999380491785445","0.949023312111035","0.524239306857679","0.999940598107211","0.999934968032505","0.7525510","0.909161371274095","0.9988190","0.94876433","0.952807514","0.9945439","0.999902351953127","0.999997401516717","0.9551753","0.9607468","0.9987879","0","0.9999743","0.9999056","0.9999137","0.7427082","0.9998723","0.9974262","0.8715896","0.999999999001429","0.9999998","0.429099074240232","0.999945796891724","0.999999382570276","0.9999996","0.9998560","0.91240494","0.9995217","0.99355400","0.9999980","0.603738913289989","0.6296744","0.96129944","0.9972319","0.636533474915884","0.728967251714468","0.760209122379577","0.999961319340788","0.9898456","0.9995813","0.99757913","0.914668975153875","0.87092127","0.99895274","0.8586973","0.999999931386871","0.999999994724428","0.6508835","0.9997194","0.8360567","0.999997935760248","0.9984958"
"REC.AF8.L.AF8.SA","0.5532739","0.4346968","0.4928400","0.6715784","0.585135963129141","0.7945508","0.186970431206155","0.67531578443684","0.4468585","0.5339743","0.99999980","0.7003248","0.999955946142523","1","0.6818505","0.321476711792194","0.440277604967988","0.8014158","0.6869240","0.224240389002631","0.47213065","0.221675893685684","0","0.050230349337643","0.999885017572943","0.597379234628651","0.5712104","0.8495011298116","0.9975421","0.99086881","0.431849525","0.6465829","0.615625912605191","0.999999245693653","0.7719535","0.2488810","0.7260405","0.433101808290997","0.8032871","0.5766593","0.9983689","0.3801017","0.9125026","0.2749917","0.3771351","0.675769024500729","0.7934912","0.50381996580576","0.998908509272838","0.999999998235236","0.7101125","0.5783784","0.59827591","0.9999999","0.84187971","0.6905610","0.426642325961379","0.3495786","0.33317229","0.9553868","0.125548656591572","0.037433826693832","0.441006925913394","0","0.4921299","0.5265094","0.61831244","0.516709092002366","0.42152645","0.74727694","0.9099512","0.601179676643195","0","0.7884972","0.4378316","0.7911754","0.999999925255317","0.4632480"
"INS.AF8.L.AF8.SA","0.6282193","0.8966049","0.7393506","0.7766058","0.916477510583437","0.7961902","0.715742336538412","0.52454019719104","0.5308698","0.6889607","0.50342127","0.6985437","0.999998263299583","0.697434224517238","1","0.917597389872537","0.51374947055441","0.4985161","0.6584853","0.439102096829101","0.47423617","0.428470892162609","0.415295932465813","0.40398276766465","0.999964253140046","0.991884003250691","0.7549429","0.582470552347829","0.6923867","0.89623649","0.615120470","0.6483661","0.558711834845438","0.999976166511815","0.7846452","0.7119745","0.6719853","0.366469758835334","0.6594794","0.7013395","0.6188928","0.8429763","0.6896457","0.6265649","0.6805023","0.947954889321997","0.4863973","0.997319032082313","0.650259043769096","0.999992488108282","0.7152696","0.8657194","0.58327312","1","0.99991968","0.8315571","0.417264883127404","0.4897857","0.47936969","0.5130714","0.402699554635692","0.447313251007988","0.607144634097665","0.54089472792695","0.6908524","0.5601768","0.63982390","0.705098959123118","0.51087680","0.58027317","0.6611915","0.432577985327178","0.999999940412513","0.8427522","0.7395856","0.6720826","0.99999939771729","0.6731137"
"ACG.AF8.L.AF8.SA","0.9999878","0.9999994","0.9999982","0.9997606","0","1","0.590116633331539","0.999924826790981","0.9999640","0.9997826","0.77603384","0.9913841","0.962867995112562","0.446688638121584","0.9999536","1","0.999999290000243","0.9999774","0.9998722","0.998891614056985","0.98582768","0.809501123874863","0.900603677548449","0.566001714787355","0","0.998558250032608","0.9999319","0.994379431818214","0.8372399","0.82188623","0.999706398","0.8813846","0.943275952316641","0.999998425438188","0.9978264","0.9983374","0.9319557","0.993504221456082","0.9995563","0.9999542","0.9936335","0.9999977","0.9999420","0.9999899","0.7015358","0.999999540403239","0.9998071","0.965114222436749","0.999999249607098","0.999999031667547","0.9999986","0.9999999","0.99999484","0.7541120","0.98338436","0.9999998","0","0.9999744","0.99979745","0.5676451","0.753223164048578","0.999967209590804","0.981467689646142","0.461541870275563","0.9562119","0.9998491","0.99985311","0.999997257477444","0.99895318","0.99989871","0.9790231","0.999999968931769","0.999999665024335","0.8665531","0.9999999","0.8516300","0.999998950250584","0.9991530"
"DCG.AF8.L.AF8.SA","0.8018757","0.6744683","0.8581860","0.7161778","0.9981876471811","0.7083317","0.509462933993246","0.131438171454678","0.6236816","0.5360311","0.50969291","0.6890245","0.999942921836164","0.423845033075499","0.5242674","0.999999695196594","1","0.9116375","0.7745995","0.371818104543137","0.46169336","0.50603362691535","0.719605168142483","0.569709721170045","0.996161743576461","0.731221056740556","0.8056894","0.877250908474142","0.9921174","0.65700093","0.732374018","0.5729645","0.501345151264891","0.999978463770806","0.6547991","0.7279421","0.5810733","0.999691482915445","0.6403001","0.7391052","0.7925819","0.5433618","0.6559433","0.4329899","0.4438910","0.146137039263103","0.4441637","0.99999995984261","0.782447578860631","0.999999759828389","0.9845153","0.7670114","0.50591339","0.7847105","0.99999033","0.9923568","0.751243844837543","0.3685029","0.65850824","0.4620124","0.638516468423107","0.093646246621149","0.651187536996023","0.641721743933284","0.7972565","0.7144490","0.59319991","0.827945713258893","0.43064065","0.55140074","0.6536084","0.511564219116905","0.999999991576385","0.9039756","0.5876090","0.6666584","0.999999676560522","0.6179950"
"PCG.AF8.L.AF8.SA","0.3991168","0.5645239","0.6001382","0.5387618","0.951007561891183","0.5704936","0.999990114412265","0.716276435874967","0.6351257","0.3998056","0.46806549","0.4899643","0.99999917553652","0.80956948971579","0.5147955","0.999995709161883","0.820989935489181","1","0.5927482","0.434552627844408","0.32472040","0.073523084412116","0.429180069068164","0.856522893104939","0.999974784400735","0.702132840922905","0.5583230","0.411572933686107","0.9965313","0.42393960","0.690741182","0.9052390","0.641196711918097","0.999992630170502","0.2569665","0.2537415","0.9966179","0.245479306516257","0.7181810","0.3330680","0.4222100","0.9999969","0.5437308","0.9999953","0.5717191","0.999896043421454","0.9050529","0.999998954292008","0.192555485357601","0.999999251062122","0.9999919","0.8300775","0.78394851","0.5951336","0.99912561","0.6680052","0.785806148302688","0.6030592","0.43780884","0.2506587","0.111767727940168","0.162205103412221","0.999646624465583","0.469006621033833","0.6400531","0.4739083","0.58501838","0.551091236892552","0.50332331","0.64843880","0.7281078","0.660778900849734","0.999994172046285","0.9998724","0.6643832","0.6160956","0.999999941555987","0.9876643"
"PHG.AF8.L.AF8.SA","0.5112140","0.8094966","0.6789093","0.5255400","0.661811448005367","0.7442230","0.156048506606555","0.735392405938988","0.6226155","0.4670293","0.53040098","0.8280464","0.999999650431117","0.738635162667565","0.6748367","0.999959380668054","0.768456364403974","0.6296259","1","0.2626483482595","0.54064073","0.520802443394419","0.180106678497823","0.377904153736168","0.999999767434815","0.6579207464405","0.7020493","0.265249205098444","0.6298169","1","0.999689789","0.6713110","0.372743713208085","0.999958429303601","0.4270808","0.6759886","0.6152099","0.973607559587621","0.7649036","0.5034485","0.6589347","0.9797666","0.5269158","0.7514876","0.3627357","0.514643332113988","0.4954331","0.856293470177225","0.56351466443722","0.99999904413206","0.5210297","0.9793052","0.64530087","0.9054316","0.92206604","0.6023561","0.375866336586206","1","0.30578603","0.4358105","0.36927790641519","0.52338079278132","0.50380565776027","0.330060054492087","0.6590623","0.4644257","0.76653009","0.911137223037691","0.36956361","0.73622748","0.5888196","0.576487951067634","0.999999954719792","0.4630088","0.9975285","0.7046387","0.999999987136578","0.6876972"
"CAL.AF8.L.AF8.SA","0.5647029","0.4865273","0.5284343","0.5455372","0.999998236063142","0.6295901","0.069608691561816","0.226560654610811","0.6017845","0.5092020","0.35585013","0.4218156","0","0.170039332403197","0.4563776","0.995571136074237","0.358471516640658","0.4408873","0.2731730","1","0.83058699","0.999975083996102","0.64827016171204","0.601763492337514","0.999477831220721","0.602068138592442","0.6017527","0.420951157260343","0.4957590","0.43086604","0.559873429","0.6831412","0.560722386435128","0.998368031150592","0.4442753","0.6252219","0.4077803","0.140154168732586","0.5660855","0.5530859","0.4803094","0.5387046","0.5597469","0.5220768","0.4937952","0","0.3934154","0.815746029646085","0.381720295673389","0.99999570884666","0.5501141","0.4776413","0.39746501","0.3718487","0.71315139","0.4404392","0.312360005939303","0.3265913","0.90867199","0.6359348","0.710325672602","0.653147358485924","0.5659277261796","0.748180306057121","0.6401399","0.6303658","0.53242379","0.557782494406738","0.20637849","0.32341287","0.6330736","0.505488172746106","0.999999491030896","0.6401451","0.5038165","0.5033032","0.999989363524424","0.5314202"
"CUN.AF8.L.AF8.SA","0.7296988","0.4004217","0.4253076","0.6338442","0.246833922713496","0.7502292","0.490034252240803","0.804633830501561","0.6280048","0.8000508","0.38512964","0.7757112","0.998913765640341","0.672490747263049","0.5252007","0.997751770692865","0.499715459034589","0.3646428","0.5751423","0.839123829369234","1","0.739744334189874","0.999967671550286","0.345179680617849","0.766066577037189","0.739583211175684","0.5546683","0.543431882375751","0.5302255","0.38866299","0.397935808","0.6363159","0.477753092656208","0.999999994049106","0.5562665","0.5402647","0.6568557","0.518181167522629","0.5234747","0.6512396","0.6293254","0.4998764","0.4145379","0.6270937","0.3874889","0.680362608433783","0.3969407","0.791679264569726","0.746136964294896","0.999996058511482","0.5049717","0.5012571","0.40875243","0.3912865","0.99999638","0.9342163","0.352693132409404","0.5546071","0.89983812","0.9456761","0.53336380805449","0.77112936668712","0.556764763784951","0.507991722399368","0.6547161","0.6231541","0.65681355","0.947428220037849","0.14324209","0.33248569","0.7808401","0.588520877236488","0.999999993822374","0.5153709","0.5004547","0.5959352","0.999998478530687","0.4419903"
"LING.AF8.L.AF8.SA","0.5671864","0.9049902","0.4297939","0.5327731","0.999998599668392","0.4123982","0.471725889813547","0.504327400528646","0.4667331","0.6411083","0.21114751","0.4491301","0.99999853849258","0.225353151675574","0.4794272","0.997826429805473","0.51220025430945","0.1338077","0.5597274","0.99999996221249","0.77636204","1","0.641197565183406","0.502449397980208","0.583324183362869","0.961390538070282","0.8043439","0.996938494237845","0.4234439","0.35925504","0.419014139","0.6140663","0.58345182496165","0.968244802721148","0.5850847","0.2440571","0.5323205","0.191271815636286","0.3702786","0.7758399","0.7366008","0.9999960","0.5824246","0.7682293","0.1619911","0","0.3944758","0.999999948436828","0.702813156536034","0.999999979088044","0.6239019","0.4877867","0.51453687","0.5231017","0.47525068","0.6780247","0","0.3172597","0.99993733","0.9111096","0.999999857321438","0.64199468302672","0.68570342169539","0.646759394827818","0.9206450","0.9929468","0.47775084","0.14420861768219","0.20429047","0.08853989","0.4586280","0.890184330725692","0.999997115735269","0.8330044","0.4065695","0.5416591","0.999999955309859","0.7029984"
"SOG.AF8.L.AF8.SA","0.6684378","0.5427453","0.3436849","0.5547140","0.520837841150809","0.4742457","0.554561237634722","0.653238096907013","0.5285145","0.5794604","0.29923952","0.4846666","0.998163458703983","0","0.3958895","0.365349759783351","0.669034605860975","0.4156167","0.1573317","0.643648684369706","0.99999851","0.509082633482726","1","0.586332432484015","0.99984730836907","0.440932403937697","0.4959600","0.928337228204389","0.2496152","0.06071462","0.232372179","0.6677590","0.447179963141236","0.999999225808855","0.9994267","0.8005573","0.5849394","0.455364379089685","0.4226403","0.6477439","0.3483765","0.6708498","0.6117451","0.4788607","0.2113003","0.992455871435473","0.4459884","0.536524198912942","0.239230755559398","0.999999924661684","0.6455096","0.4645363","0.33474680","0.1690667","0.57366881","0.4607235","0","0.3247307","0.54938059","0.7706359","0.229786801641245","0.999999276803469","0.697393105382958","0.402938039723791","0.5021170","0.5965866","0.77829841","0.770949253386948","0.07344157","0.19161493","0.5514198","0.461153679348904","0.999999892221916","0.1141843","0.5490300","0.5284672","0.999997878759467","0.4688368"
"MOG.AF8.L.AF8.SA","0.5736388","0.3112101","0.3712744","0.6273456","0.41393644910883","0.4836402","0","0.728090744035599","0.3014702","0.1767048","0.26356407","0.3940722","0.621245181085518","0","0.4133960","0.535618867078157","0.505440766829843","0.9213270","0.3920083","0.57329488281319","0.28359215","0.375030374693867","0.593363206813959","1","0.999999863180363","0.74106217702481","0.5996258","0.675710647317648","0.7954645","0.79386867","0.848473898","0.5753126","0.503495292171377","0.999998233552185","0.8360920","0.5729175","0.9389156","0.412793214365359","0.9814979","0.4697715","0.3685641","0.7558116","0.4489352","0.6547006","0.3522184","0.353501844069328","0.5518414","0.592281378956411","0.348179484504553","0.999999832380799","0.3375165","0.6511789","0.47542789","0.2081006","0.49316593","0.4625597","0.304237186126688","0.5246464","0.73914267","0.6975432","0.491396610713996","0.716396301050803","0.999999511307123","0.757358808770313","0.7177644","0.5083570","0.56608055","0.749108763741645","0.30498613","0.88329735","0.6351896","0.863332893235202","0.999999408582189","0.5165503","0.6937039","0.8405592","0.999933898583454","0.7487535"
"IOG.AF8.L.AF8.SA","0.9813554","0.9999928","1","0.9999992","0","0.9996757","0.675883483514692","0.814108105202921","0.9957327","0.9785129","0.99891420","0.9965358","0.999970475229508","0.999871577080728","0.9999249","0.813632073620287","0.999179704080378","0.9998917","0.9996101","0.99541957134716","0.90514079","0.989405415766474","0.999999668285003","0.999987752236938","1","0.999998651944814","0.9993712","0.885745404879343","0.9957536","0.84191321","0.999984361","1","0.994871496343498","0","0.9933095","0.9998784","0.9999548","0.999986835448134","0.9957153","0.9961442","0.9885163","0.9999760","0.9940477","0.9998991","0.9999975","0.998773828152154","0.9900454","0.999985761176041","0.990896336804253","0.999999973627946","0.9904685","0.9999224","0.99910468","0.9945928","0.99910429","0.9998716","0.702544741086264","0.9099922","0.99713006","0.9999060","0.999986411668252","0.998531069851729","0.999506644253391","0.99998573808484","0.9999892","0.9999972","0.98990399","0.932505825215268","0.99349695","0.99934725","0.9994091","0.995889520069524","0.999956498989292","0.9998818","0.9999975","0.9992358","0","0.9933214"
"FFG.AF8.L.AF8.SA","0.6927199","0.9418274","0.9600147","0.7977631","0.996583952158905","0.9354873","0.693597396972905","0.669669888607106","0.9999910","0.9308353","0.53407991","0.8696538","0.999958472841796","0.608313295895852","0.9988218","0.999303392886928","0.716019945809269","0.7547892","0.6778849","0.616446800060171","0.71247388","0.826575339507042","0.478926715404583","0.776056851135745","0.999733083630375","1","0.8800102","0.507789779579383","0.9890826","0.99932148","0.593358554","0.8814562","0.681183795907214","0.998019979591228","0.8406224","0.7973501","0.8814372","0.328224503545026","0.7884601","0.8630543","0.9465519","0.9999894","0.9353122","0.7706197","0.8411376","0.999999625144429","0.7871151","0.797998578977787","0.999993699832352","0.999999830299824","0.9999999","0.9755122","0.75140143","0.8436709","0.79700226","0.8465450","0.583204804546209","0.5923460","0.58407062","0.8934438","0.52274155179108","0.679072528981541","0.9549617555644","0.605727162472274","0.9999993","0.7951649","0.85239397","0.972459375761245","0.42967516","0.99868007","0.9843265","0.913500061548093","0","0.9999907","0.9920511","0.7560293","0.999999617496573","0.7779602"
"PoCG.AF8.L.AF8.SA","0.8324158","0.6126507","0.6425013","0.7695667","0.999999492142597","0.7872670","0.515874002897461","0.999898800716991","0.5989526","0.7389880","0.60711235","0.7380502","0.758384963110949","0.507666799252151","0.7593876","0.999999999791009","0.792643488262076","0.5581931","0.6826290","0.593336271198511","0.52495141","0.648844745024371","0.502382240862394","0.60626848357305","0.998886303965653","0.864641937255865","1","0.603278376445838","0.6541073","0.65560593","0.570954201","0.7338165","0.685046859577714","0.999988520822221","0.7600119","0.6319869","0.6808167","0.591356702853143","0.8374673","0.8213484","0.7686176","0.9885537","0.7733335","0.7005749","0.5238695","0.579992770554169","0.7417236","0.998932460749862","0.680887193577774","0.999999982039674","0.7037584","0.7804468","0.54099299","0.6285209","0.99696590","0.9999698","0.528754584012691","0.5856540","0.77752592","0.6081594","0.43297800283684","0.537829736165362","0.779773994377856","0.758367369074854","0.7856625","0.9373127","0.63335356","0.670035607339727","0.38894974","0.57807806","0.8160887","0.981973337651572","0.999999986202482","0.5981685","0.6707809","0.7281072","0.999997238412171","0.6416819"
"SPG.AF8.L.AF8.SA","0.4967000","0.8545152","0.5896348","0.6844595","0.999981491787127","0.7458599","0.06420386084827","0.558559038273557","0.7667880","0.6524396","0.37528262","0.4138151","0.999995219384507","0.989829934959883","0.6445219","0.999939611936034","0.907525794467637","0.4745421","0.2835666","0.440246303247852","0.54575872","0.999675651633684","0.967786933258371","0.824126415993176","0.820704348074085","0.509716823734656","0.6400819","1","0.9999605","0.99694146","0.495403849","0.8346266","0.904073546326262","0.99845007104498","0.4785779","0.9999999","0.7316052","0.496426935353685","0.8251077","0.6815485","0.6876389","0.9996982","0.4443451","0.5762328","0.6866937","0.539794811953919","0.7825578","0.999999666603065","0.818284745198328","0.999999322663853","0.6776081","0.8549094","0.66849071","0.4901299","0.49353692","0.6003906","0.465881458560488","0.7219357","0.32807350","0.5344207","0.259853514553786","0.999999995322503","0.748531889092711","0.438337879313369","0.5957744","0.8267003","0.99996018","0.764458154964166","0.43109039","0.56692938","0.7831363","0.555941526725853","0.999999991608366","0.8138626","0.8410907","0.5071129","0.999999836458699","0.9067324"
"IPL.AF8.L.AF8.SA","0.3839524","0.5349422","0.5724862","0.5350580","0.680755557555539","0.8329497","0.755976743192255","0.694210112220927","0.6198286","0.4726844","0.60906415","0.4753821","0.99994557419806","0.999867791990789","0.7108752","0.999941521350207","0.978713477307175","0.9998222","0.6667252","0.50982727411679","0.50144756","0.358327278552512","0.285407377644811","0.807463420072626","0.999200322188896","0.999902163065065","0.7106281","0.999292646149159","1","0.84681095","0.982836525","0.5380081","0.511660071761038","0.999858272071657","0.6416307","0.9999480","0.7314670","0.92068652746861","0.7182243","0.6032149","0.4200019","0.9998361","0.5442286","0.4200818","0.5633434","0.999974519982732","0.4743192","0.775455533119335","0.420219436109199","0.999999635365235","0.4389653","0.5797900","0.89057789","0.6147970","0.91894873","0.5321863","0.214262419911204","0.6340015","0.23905761","0.5332971","0.62429134962438","0.457449781217514","0.744034166019886","0.640550006878151","0.4465239","0.6887521","0.68245108","0.904136075287569","0.61666188","0.68534824","0.6662371","0.560153754022929","0.999999856890963","0.7975543","0.8325058","0.7358914","0.999999899166547","0.9982502"
"SMG.AF8.L.AF8.SA","0.7296223","0.7565589","0.9874181","0.9959766","0.820987771644744","0.7092780","0.954633694301864","0.719099678809029","0.7000304","0.6833279","0.99999895","0.9991853","0.978574735225293","0.999867890932198","0.9379439","0.711018315405877","0.676031219954188","0.4050575","0.9999453","0.438569658459243","0.40869646","0.342333851485206","0.102605890717053","0.802278458053488","0.999051937590261","0.999133781040951","0.6774994","0.998362236902202","0.8612500","1","0.999503151","0.8407563","0.228454025096287","0.999999136512463","0.8368092","0.7402161","0.6621852","0.572068838512087","0.7259119","0.5190260","0.6514080","0.9999903","0.9905500","0.7612127","0.4516518","0.997307814801028","0.5407996","0.873616710061025","0.556091065185935","0.999998737272014","0.9999751","0.9999972","0.81623553","0.9997628","0.94782187","0.7282730","0.102917137967312","0.9658796","0.66107383","0.6591534","0.26997313968755","0.745534001096952","0.688861426071499","0.695665345467001","0.7621771","0.8454593","0.33948042","0.999996964002243","0.99998854","0.76469039","0.8995339","0.692521995457978","0.999999664181602","0.7575702","0.8569444","0.8907067","0.999999747671504","0.7204358"
"ANG.AF8.L.AF8.SA","0.5598911","0.5394811","0.7863345","0.5164071","0.345668679264294","0.7239428","0.061788433778482","0.46427570765192","0.3419676","0.4780003","0.44754607","0.3442649","0.98815976533223","0.453047281340283","0.6666168","0.9999999933048","0.733257803440118","0.7612834","0.9944504","0.579571087007933","0.37616308","0.397974038591373","0.294385531369408","0.885857396399166","0.999999590114546","0.61928258498024","0.6073801","0.469593640519626","0.9999985","0.99999999","1","0.4266069","0.43113420117907","0.999850424883492","0.4828761","0.4251017","0.7609103","0.574122158526614","0.7232098","0.4303256","0.5426517","0.6523088","0.4728566","0.1989170","0.5925585","0.686180638089068","0.8246334","0.833717359817633","0.348142218553183","0.999998896503887","0.7509478","0.6009503","0.50379715","0.6210811","0.55063350","0.3516698","0.610550806452262","0.6478854","0.28819077","0.3369979","0.37609648776122","0.357619083337208","0.7387270886474","0.888628205413763","0.5765594","0.5712645","0.71457235","0.759053932850491","0.64667750","0.99570621","0.5810166","0.452106996487193","0.999999754082871","0.7902621","0.7936181","0.7455169","0.999998934865061","0.7880710"
"PCUN.AF8.L.AF8.SA","0.5624677","0.6317329","0.7745072","0.6947947","0.920626315254977","0.7157363","0.388383115307021","0.771341593385963","0.5680921","0.6692619","0.51885482","0.6802864","0.999988075662062","0.661110424242467","0.6852890","0.788849221839945","0.582561391324658","0.9987651","0.7115214","0.695777997647054","0.63611705","0.606369667294211","0.689533200783758","0.606975613225477","0.999966952413396","0.99907376290015","0.7502410","0.835427536279586","0.5741934","0.97571447","0.418120817","1","0.775786619175936","0.999999909858577","0.4468215","0.4647788","0.8636017","0.565144081967995","0.5734042","0.6577827","0.5786414","0.7677076","0.6077616","0.8784647","0.3003208","0.664495113967523","0.7231170","0.782660778453564","0.619645536424592","0.999999774194368","0.7180605","0.8377122","0.64009039","0.5473482","0.80233346","0.9925243","0.539001595363391","0.6376331","0.62830991","0.7219465","0.377396508297921","0.88668352595885","0.641196068582572","0.361036375069522","0.7110186","0.8034309","0.93748176","0.996169866446939","0.44184995","0.48548696","1","0.999680141945674","0.999999767565807","0.4842877","0.7292795","0.5550032","0.999999147429182","0.5909879"
"PCL.AF8.L.AF8.SA","0.6125814","0.7847193","0.9762785","0.5415394","0.998075856585703","0.5126601","0.167025715154035","0.594155693922503","0.5924424","0.6883536","0.58042880","0.8718246","0.999904234367578","0.591368608532678","0.5656611","0.695196319352235","0.501048772358255","0.6521713","0.3565953","0.561009891677295","0.45464401","0.550538630921013","0.464008883472853","0.551586980368977","0.99477607142858","0.657666339226846","0.6950533","0.870510624618114","0.5221878","0.21392119","0.407471444","0.7830999","1","0.429895612977732","0.3848304","0.4447045","0.4701166","0.52841835793986","0.4399686","0.5142512","0.7808037","0.7094595","0.6328951","0.7124581","0.5229309","0.018166653284619","0.7123460","0.999992966698015","0.823712944782897","0.999981782655855","0.7530966","0.8110501","0.75379867","0.6113179","0.51668455","0.8341847","0.597953346658975","0.1848233","0.60516300","0.2916383","0.261292566972533","0.53800847548968","0.523123980173256","0.582701280058072","0.4844531","0.7244329","0.74317983","0.999905304581566","0.55800228","0.47026164","0.7572973","0.973420759513742","0","0.5337922","0.3259633","0.7228245","0.998864073226413","0.4726272"
"HES.AF8.L.AF8.SA","0.9975772","0.9999995","1","0.9986646","0.999592762289701","0.9999394","0","0","0.9999985","1","0.99998574","0.9983498","0.999939982982324","0.999999336948947","0.9978908","0.966872665634177","0.996187966721653","0.9999998","0.9815429","0.934047276727357","0.99998352","0.994594155101779","0.999997981532983","0.994070742752699","0","0.984630185311732","0.9997208","0.978305318355058","0.8941410","1","0.841337317","0.9733411","0.410987371452371","1","0.9999991","0.9943611","0.9992850","0.244958538147192","0.9846241","0.9999769","1","0.5672377","0.9972058","0.9999952","0.9999832","0","0.5761768","0.920120059868813","0.999808553566556","0.937674551672483","0.9999995","0.9993710","0.99478702","0.9536039","0.99344245","0.9264339","0.999993812657245","0.9863286","0.99976481","0.9998858","0.912277768599535","0.997213411339281","0","0.998110836314719","0.9999946","0.9996627","0.99696888","0.99942509673164","0.99980570","0.99319484","0.9976405","0","0.999570389740385","0.9999677","0.9934991","0.9042082","0.999738324392458","0.9985278"
"STG.AF8.L.AF8.SA","0.7264035","0.6500110","0.6856590","0.7253678","0.638353505602076","0.8027249","0.163112701244023","0.571865656884397","0.6225311","0.3738812","0.32777223","0.5533981","0.935616461563328","0.762756228438658","0.7964618","0.999992780018616","0.614102843946237","0.2048368","0.4156069","0.414369038880258","0.50605464","0.457300937988533","0.999999553085536","0.788928197516891","0.999715914617508","0.829509530109931","0.7687728","0.378636967446765","0.6161816","0.82039202","0.379405964","0.4094279","0.374420381896547","0.999999416688723","1","0.6155442","0.8297857","0.170224577606069","0.6117543","0.5702236","0.5710410","0.9652846","0.7623907","0.8749800","0.5922586","0.852372401391003","0.4745008","0.835755673272072","0.588347541295565","0.999988126946119","0.7164710","0.6777745","0.50508605","0.8359117","0.72632437","0.7964824","0.144237661306939","0.4519269","0.42829902","0.6721119","0.462976625192735","0.767734913492262","0.688857145165654","0.629536099120389","0.6722785","0.7437930","0.16827575","0.77512268493891","0.65799594","0.54034165","0.4636835","0.642061356046825","0.999999968646609","0.9999999","0.5341487","0.8399236","0.999999988381632","0.7658797"
"TPOsup.AF8.L.AF8.SA","0.8192975","0.6085923","0.6252308","0.9696768","0.999973922809681","0.5940413","0.642626630433686","0.999999514508273","0.5915763","0.6626121","0.34071305","0.7723680","0.999772431525667","0.166921718962437","0.8470519","0.908891231574005","0.843037016072202","0.1741564","0.7625832","0.68305283314803","0.53122539","0.098638961301393","0.99923635463666","0.591617209687361","0.989920523473298","0.943603713478956","0.7632302","0.99833463558741","0.9999868","0.63246499","0.452773215","0.4474119","0.437503090749853","0.999987946752684","0.6070439","1","0.9729293","0.976931079230716","0.9932333","0.7880918","0.9998761","0.9998406","0.6042930","0.8698196","0.3741546","0.283931496595385","0.9997714","0.999999827962233","0.999953904414373","0.999999945525676","0.8362204","0.8788078","0.82947421","0.7872091","0.99999859","0.9998203","0.214374471045376","0.5582231","0.99851212","0.5711242","0.623068744807287","0.401491088536185","0.925774546994104","0.737886565218128","0.9456595","0.9999999","0.59031010","0.795644478273741","0.63804782","0.34835874","0.6944527","0.999999994605221","0.999996767111362","0.6091547","0.8998616","0.6242576","0.999999745616861","0.9998998"
"MTG.AF8.L.AF8.SA","0.7667473","0.7827008","0.8006252","0.6512878","0.760883966153388","0.7625679","0.700108837685241","0.821865520574584","0.5312255","0.9127433","0.51544077","0.6952208","0.99002158669547","0.695613953042431","0.6732539","0.903802573519069","0.575706467376732","0.9465680","0.6024957","0.373403217368043","0.61142896","0.460007325659546","0.621823476780118","0.978577373824343","0.999999871182554","0.865784601556119","0.6794878","0.643481170098669","0.7157784","0.64747868","0.710746640","0.8319546","0.45388848435583","0.999999984725146","0.8281131","0.9135225","1","0.808250368091738","0.8512730","0.7600026","0.6727858","0.6940851","0.7074782","0.8155905","0.6286845","0.605607951882151","0.6256822","0.993706728275177","0.489815067195395","0.99999999988867","0.9358500","0.6001733","0.53583788","0.6221193","0.97876447","0.6332273","0.690029204581545","0.6797529","0.47948359","0.5220227","0.516190180257922","0.494531206487547","0.813379351940062","0.93911794875317","0.7330343","0.6892640","0.60628972","0.834383633841418","0.59406030","0.64158431","0.7241697","0.558528985628394","0.999999978738714","0.9999586","0.6225847","0.9843335","0.999999499402158","0.9999685"
"TPOmid.AF8.L.AF8.SA","0.5029155","0.5295095","0.7175050","0.9988667","0.09240247728559","0.5148568","0.98624124652242","0.33889792396035","0.6857645","0.6809263","0.30435779","0.6930645","0.228638106544","0.503325919577392","0.4583188","0.99992528307843","0.999788430510547","0.2932948","0.9998700","0.171039237799632","0.51595143","0.205836114219878","0.506306737238493","0.45005666173962","0.999895390559735","0.346797526032949","0.6773170","0.495615551651417","0.9922386","0.65874466","0.584375824","0.5837642","0.650039738918692","0.999043811539959","0.2046273","0.9897037","0.9359127","1","0.6669342","0.6671297","0.5552529","0.5850922","0.5705003","0.8698364","0.1347542","0.504282366275371","0.4505494","0.88415426142126","0.999989578259447","0.999979038449564","0.6751956","0.9999733","0.61131813","0.1665292","0.50774263","0.7231167","0.645690297832257","0.8605209","0.51093141","0.3435943","0","0.560533543221795","0.54031821151267","0.561436800970709","0.7298142","0.6277132","0.97877683","0.849890712256323","0.99829619","0.25096751","0.6222457","0.720288584780514","0","0.3093855","0.6506452","0.5184549","0.999999986707396","0.5723609"
"ITG.AF8.L.AF8.SA","0.7112436","0.5095763","0.8863708","0.7345186","0.963699523812764","0.7616943","0.357058503020598","0.474841114290586","0.6514790","0.4836793","0.49547979","0.6446431","0.999995995584442","0.873818909793594","0.6837822","0.99999871078069","0.628238644650802","0.8083884","0.7880416","0.57497037719974","0.52043797","0.328982594855062","0.455489261515339","0.853284637652425","0.999997681957894","0.803259811737922","0.9712986","0.787946313558835","0.8479889","0.79268946","0.720019400","0.5726370","0.459245487891985","0.999981338625735","0.6391575","0.9444656","0.8739830","0.651368710752277","1","0.6481600","0.6868355","0.9466708","0.7056398","0.8180607","0.4546940","0.321274443655503","0.5988353","0.999969605231979","0.636947182221067","0.99999997630326","0.7462061","0.7658135","0.46735052","0.7457635","0.78708730","0.7253344","0.621050438929651","0.4324977","0.44947537","0.4477425","0.340750224373542","0.535341978592537","0.735381337485643","0.764331156042202","0.7171691","0.9886683","0.76082109","0.718112582846847","0.61987135","0.58441926","0.6354064","0.594226129922138","0.999999825203549","0.9999967","0.6981665","0.8150734","0.99999993304859","0.9548618"
"PreCG.AF8.R.AF8.SA","0.9371160","0.8720589","0.6125976","0.8424843","0.935484235941788","0.8241949","0.524317661711055","0.993163496862371","0.5640973","0.8671264","0.57023958","0.7491026","0.999981009718685","0.533433746733427","0.7060505","0.999993114486419","0.740356376544927","0.3377110","0.4996956","0.534423128301427","0.62433882","0.637898295042775","0.655835140136395","0.464431426594734","0.999228914095271","0.807816959070264","0.8281802","0.575268258385537","0.5921017","0.47874207","0.337137578","0.6426926","0.492995803788392","0.999986689460947","0.5880373","0.6566681","0.7392622","0.59341128979107","0.6175064","1","0.7379602","0.9933217","0.8577097","0.7174882","0.6985463","0.781553781831917","0.8852410","0.999999212496977","0.658123588198249","0.99999981949869","0.7950236","0.8217539","0.66555763","0.6781621","0.89842671","0.9131289","0.196496241448336","0.4292353","0.59885207","0.6614685","0.413443904896237","0.588760345979281","0.563889347490748","0.618400163092453","0.5271469","0.9107784","0.63686231","0.827137889894657","0.53373548","0.53249361","0.5654736","0.909801184214387","0.999999840325716","0.7192379","0.7089641","0.7367135","0.999999964150746","0.5977404"
"SFGdor.AF8.R.AF8.SA","0.7684689","0.9999998","0.6892597","0.7270431","0.999999044751268","0.7565472","0.706405617654514","0.938460039392426","0.4963895","0.8385183","0.26266279","0.8189964","0.999997744102316","0.999999632305242","0.6222038","0.925615246706305","0.754306666348048","0.4547986","0.6405395","0.48167938726313","0.60371382","0.596387508736836","0.357105734530332","0.396443174601062","0.865897936409424","0.934010857593229","0.7780184","0.622213753755022","0.3958743","0.63634795","0.504310247","0.5625605","0.76160376161897","0.999990049123372","0.5873024","0.7812799","0.6852720","0.482224589173027","0.6748054","0.7505583","1","0.8440107","0.8426674","0.9629557","0.5325026","0.719305763165328","0.6884953","0.723043744573826","0.787943804512047","0.999999991039533","0.8380447","0.8973923","0.60028215","0.4977581","0.69771446","0.9990793","0.405515441401401","0.4924141","0.46506688","0.4549495","0.500228991044144","0.617291665922948","0.578763902083048","0.477310295432534","0.5994505","0.7607944","0.59344158","0.693130286059304","0.39889425","0.39914776","0.4847550","0.705836572015136","0.999999855768624","0.6073946","0.5824688","0.7119609","0.99999998368033","0.6799766"
"ORBsup.AF8.R.AF8.SA","0.9906680","0.8514112","0.9999994","0.7846876","0.928576588748488","0.9999987","0.67528421531723","0.710521538598752","0.6293387","0.9721164","0.59056002","0.9925756","0.999981841647489","0.346777042924652","0.8492234","0.999999898470055","0.488978671725249","0.9999958","0.9454143","0.541277125146051","0.44069454","0.999005024800787","0.695270166185511","0.775214441984266","0.999421689476942","0.999956604915191","0.9999983","0.929436080064004","0.9907803","0.99795819","0.612434316","0.7506414","0.715054241444553","0.994763567877101","0.9499235","0.8320065","0.7167176","0.475969942560008","0.8574077","0.8867578","0.8426988","1","0.7883540","0.9060012","0.5565326","0.876338013499111","0.9999235","0.658589606108217","0.942324258339265","0.999999995005407","0.9156199","0.6775042","0.67681894","0.9999847","0.99999964","0.9999328","0.640682763794298","0.4844323","0.91639881","0.6238111","0.307967657552382","0.690907828312851","0.933545947474905","0.266676101468975","0.6685642","0.7238647","0.64035139","0.637431960812511","0.44524137","0.68646849","0.7560651","0.661348113769297","0.999999721943242","0.9999973","0.5341796","0.7279097","0.999996030191852","0.7955811"
"MFG.AF8.R.AF8.SA","0.8268530","0.8203911","0.7821549","0.9999997","0.725043380310856","0.8374742","0.565162470372655","0.999993541970841","0.6742853","0.8283785","0.62548286","0.8274199","0.99999396304864","0.602426934982169","0.7050714","0.999976991467586","0.65217004079092","0.5713835","0.5524840","0.567715692076607","0.42692702","0.550141042248558","0.630001850988393","0.566315761431538","0.749409820431209","0.880382951816187","0.7822847","0.431654657002725","0.5565828","0.99885590","0.454341098","0.6035964","0.625729681625124","0.999999978234337","0.6931347","0.5624267","0.7031849","0.543611491922666","0.7258853","0.8616405","0.8318679","0.7981125","1","0.6599102","0.5070049","0.99824860793769","0.6806066","0.999325696153411","0.732421580565687","0.96527088022845","0.8731636","0.7947489","0.69127879","0.7031109","0.99999256","0.7930826","0.461840830487052","0.5616584","0.55572338","0.6481652","0.44710569312133","0.566215270752028","0.580498325197392","0.355114555324641","0.6538420","0.7875945","0.73835443","0.738980745154255","0.37949310","0.86008296","0.6466147","0.747642494069556","0.999999940573851","0.5108222","0.6295530","0.7197369","0.999994745436292","0.6645199"
"ORBmid.AF8.R.AF8.SA","0.6474211","0.8291582","0.9366286","0.7695919","0.999999999986463","0.9304591","0.774593227194383","0.925007418603578","0.9999339","0.8801137","0.34518693","0.8596936","0.999981572124312","0.315052542499963","0.6747767","0.999984385415442","0.506851558018698","0.9999852","0.7782651","0.563642267227764","0.62325314","0.727120079805821","0.542062056566655","0.735403167000793","0.999993839929274","0.800626982465471","0.7392666","0.586145111462335","0.4562742","0.78649308","0.215662525","0.8860705","0.76253189002693","0.999999971347564","0.9215875","0.8305694","0.8493609","0.838305248048998","0.8113921","0.7699159","0.9779930","0.9413692","0.6799768","1","0.7171348","0.995226598537057","0.9999998","0.812877104251698","0.997691165570546","0.999999972973396","0.9999765","0.9075078","0.56132184","0.5592435","0.84456687","0.7607749","0.68233372759792","0.7984029","0.57616169","0.6349750","0.412547412115868","0.722456643783234","0.87809292069082","0.451378750047389","0.7605938","0.5135862","0.84656990","0.750974300127426","0.43978625","0.55407358","0.8687548","0.999980852105098","0.999999972438066","0.6682468","0.7465260","0.7741386","0.999999972514617","0.8158389"
"IFGoperc.AF8.R.AF8.SA","0.6637752","0.4962050","0.6894583","0.6570556","0.610299203773675","0.9119930","0.413429099197477","0.350756490667026","0.6499128","0.2703838","0.35366932","0.9997612","0.783982275520806","0.35486834941987","0.7261539","0.427728518343854","0.442317098291516","0.6016201","0.3604374","0.488106916826843","0.38253098","0.128370689271905","0.215976229764024","0.31985960621403","0.999971792054678","0.84269202905762","0.5263088","0.662021457285019","0.5389447","0.40494191","0.550126563","0.2851833","0.52704294033689","0.999998321684081","0.5909312","0.3885967","0.6395568","0.078220271302849","0.4419480","0.7303507","0.5694676","0.5578610","0.4970848","0.6821153","1","0.9999978661799","0.1335123","0.829654976964621","0.223782242975539","0.999988867411431","0.5254059","0.6536538","0.52437873","0.4101932","0.99999898","0.5119803","0.253026328840978","0.5398260","0.28006360","0.4009417","0.070108313558931","0.624701643413286","0.549043533537583","0.502294370959686","0.5804363","0.4693936","0.52126614","0.61317451749838","0.36450132","0.34882224","0.5058430","0.530704832352863","0.999999990531465","0.8541765","0.4810112","0.4262369","0.999993459637109","0.4535649"
"IFGtriang.AF8.R.AF8.SA","0.9919729","0.4823072","0.9999902","0.9617725","0.678848894855235","0.9999912","0.999997079887064","0.089849243164552","0.9999295","0.8233506","0.75717960","0.9999200","0.999995514430701","0.605173967366473","0.7305451","0.999984704576723","0","0.9996876","0.9841199","0","0.54625933","0","0.94799469261774","0.210153571883311","0.998939436780268","0.999535093110274","0.5532681","0.439402181866154","0.9580710","0.99609449","0.429996491","0.4959849","0.111140084102506","0","0.8209243","0.3794652","0.9977486","0.427138277768544","0.2405407","0.7360087","0.6974707","0.7694227","0.9954181","0.9997271","1","1","0.8072008","0.998079884528554","0.565602342052556","0.999996827167754","0.9999769","0.7869808","0.55717748","0.9999650","0.99989852","0.8472526","0.543194031386808","0.2623886","0.35648921","0.5543486","0.586752441068777","0","0.98204832889713","0.639986780412795","0.7588552","0.6776634","0.15378035","0.213536424037236","0.31049837","0.05514286","0.4594885","0","0","0.9422557","0.8349761","0.3803211","0.999999780161595","0.8102025"
"ORBinf.AF8.R.AF8.SA","0.5946137","0.7511877","0.8650821","0.8422551","0.999999807022801","0.9106903","0.427625066895276","0.84037706079043","0.6692428","0.3854790","0.50543612","0.7864507","0.999999995810133","0.829278916750923","0.5181121","0.999998770743359","0.47519086389032","0.9764218","0.5165380","0.42662498768819","0.39737512","0.429483512354301","0.502890756454002","0.587689904415468","0.999609273509999","0.758314764654223","0.7314549","0.71875237115174","0.4496257","0.60559748","0.791922968","0.7211577","0.725378097924528","0.999999945566245","0.5089166","0.9538996","0.6567239","0.440301182826127","0.5923752","0.8548230","0.7183465","0.9999763","0.6572989","0.9999998","0.1594204","0.972152724612353","1","0.999999331755815","0.68436291439336","0.9999988090378","0.5550158","0.9635888","0.54856328","0.4633995","0.99887894","0.7945577","0.59353355268544","0.7228803","0.44257183","0.3394896","0.217544715712066","0.661608289331158","0.566004562871323","0.648949966569658","0.6288775","0.6174950","0.84861467","0.600056570727869","0.37750344","0.39322650","0.7094722","0.828220397737445","0.999999794570305","0.7583748","0.6476592","0.6136376","0.999999732125959","0.7288611"
"ROL.AF8.R.AF8.SA","0.8289775","0.7047574","0.9973480","0.9719795","0","0.9896515","0.526625578917214","0.999999871633712","0.9999997","0.8251648","0.48942116","0.9999769","0.521668662604845","0.55770642132356","0.9997142","0.973691682915952","0.99999995016991","0.9999993","0.8801635","0.8279261379083","0.75378603","0.998812904555944","0.606956715566601","0.636345063634633","0.999808927151342","0.836661833316618","0.9999997","0.999994890897969","0.8043163","0.90740568","0.825654231","0.7924120","0.999997760327506","0.999954492938498","0.8448424","0.9999954","0.9997023","0.855136563974395","0.9983211","0.9992336","0.7331604","0.7156724","0.8455888","0.8098037","0.8381024","0.999984756958207","0.9999999","1","0.715796484745057","0.999999751301876","0.9992525","0.7798279","0.94114929","0.9999995","0.99556492","0.7325550","0.339932821587138","0.8736539","0.77959660","0.8465735","0.553208899770375","0.688757944286703","0.97410724229089","0.613848814724415","0.9893395","0.6827124","0.78762047","0.999993061735903","0.67961836","0.99999673","0.8559478","0.999971572995297","0.999999999909968","0.9999588","0.7407996","0.8477205","0.999998750674509","0.8972675"
"SMA.AF8.R.AF8.SA","0.6646631","0.8112324","0.6824594","0.6597857","0.999973333218667","0.7424707","0.426772944227","0.711960378959085","0.6085929","0.8729968","0.51330794","0.6295344","0.999989446120349","0.992639099000537","0.6478797","0.999976566488471","0.706014289367696","0.1784358","0.5413734","0.368695417528906","0.69335054","0.557994633810261","0.220127274741976","0.355521350189916","0.958613209962293","0.998053435414035","0.6866681","0.641169903426336","0.3931793","0.54050389","0.206433151","0.6016005","0.823352064553749","0.999995534706827","0.5906851","0.8734075","0.4893442","0.939296419953237","0.5927810","0.6604712","0.7784382","0.9435903","0.7235619","0.9965567","0.2068037","0.571244785884019","0.6209294","0.691055003061274","1","0.999857542247529","0.7367891","0.8382339","0.56178844","0.5621693","0.84923332","0.9999293","0","0.3436185","0.23768438","0.5578459","0.167341132838267","0.803387480015687","0.50768372708563","0.335229594248826","0.6473595","0.6537643","0.58095382","0.523761142988598","0.47995396","0.31390375","0.6124644","0.61320945050015","0.99999981129528","0.5506423","0.7419072","0.5752261","0.999999982868036","0.7221602"
"OLF.AF8.R.AF8.SA","0.9999789","0.9999762","0.9963204","0.9996779","0.999244749945247","0.9999997","0.987948032319929","0.851004769491597","0.9999978","0.9973661","1","0.9999943","0.999994792768464","0.999995404570827","0.9979822","0.999984105561445","0.999998799265015","0.9999054","0.9998817","0.997271023799206","0.99397085","0.999965733564333","0.999963500170842","0.999933793243124","0.999999970809434","0.999929317922086","0.9999209","0.982356608181186","0.9999915","0.99400415","0.995957910","0.9999889","0.999976435708059","0","0.8992094","0.9999552","0.9894581","0.999996319797877","0.9996181","0.9999812","0.9999079","1","0.9999904","0.9999995","0.9468833","0.984762345800525","0.9952154","0.999997750254011","0.606933821401063","1","0.9999911","0.9999988","0.99999875","0.9934803","0.98136430","0.9999980","0","0.9999308","0.99103729","0.9998901","0.994974054576884","0.999956881312871","0.999300475653299","0.999997948456843","0.9522742","0.9994293","0.99994746","0.999913492132033","0.99998815","0.96889542","0.9899623","0","0.999970110884644","0.9999641","0.9999872","0.9812563","0.659485246725237","0.9994863"
"SFGmed.AF8.R.AF8.SA","0.8765444","0.9976891","0.7407412","0.9503308","0.870331296557673","0.9927623","0.555167856492377","0.99715567162257","0.8058023","0.8251339","0.43250676","0.9999738","0.999963588422027","0.8454566998929","0.8094397","0.999977939673676","0.990900484278129","1","0.5226259","0.527610902502412","0.46839221","0.545340815504426","0.79599188449298","0.335619296748682","0.915341151248464","0.998959799290757","0.7405115","0.629381803021529","0.4534483","0.99983454","0.829836492","0.6986859","0.735883054434132","0.999999996860406","0.7193348","0.7826958","0.9654909","0.600413733074617","0.7132050","0.7984313","0.8191610","0.9992951","0.9589647","0.9645052","0.4967184","0.999017060337771","0.4461210","0.999997277064291","0.761451117649252","0.999999154556857","1","0.7794395","0.54336956","0.6659924","0.99858759","0.9999984","0.242178628781787","0.8050997","0.51215448","0.5387600","0.698557028974614","0.638170738970781","0.596285400788632","0.654628839295285","0.7290897","0.7733785","0.76003587","0.71317330828389","0.34921014","0.45098968","0.7930818","0.981878071801755","0.999999982714328","0.9993933","0.7692711","0.7845272","0.999991841002167","0.7753198"
"ORBsupmed.AF8.R.AF8.SA","0.9049234","0.8615037","0.8368645","0.8270158","0.865421554927864","0.7669224","0.530199943318528","0.767388003843594","0.7256901","0.6808736","0.62098482","0.9783642","0.999999782221942","0.600323162387932","0.8793569","0.999997792832291","0.790420732155407","0.8887272","0.9750627","0.512017957237703","0.49300065","0.45643578810484","0.510467861144221","0.695735921842824","0.99996399456458","0.981203469622906","0.8235950","0.830086130711127","0.5998468","0.99953533","0.572497372","0.8401092","0.851307448820605","0.999997956886467","0.7102141","0.7664796","0.6457442","0.99723324515211","0.7393859","0.8432456","0.8961642","0.7020484","0.8132197","0.8871590","0.6784886","0.906413171876574","0.9432831","0.755972289919671","0.921229372747364","0.99999986788488","0.8162428","1","0.80615342","0.6903354","0.99995570","0.9999964","0.439100447445882","0.6848200","0.53141831","0.6874725","0.364105373081227","0.768903289409182","0.720320822697538","0.421895474111918","0.6209988","0.7161663","0.67715469","0.563454962578173","0.51725422","0.55708764","0.8199591","0.855348964435264","0.999999978813647","0.8063505","0.8968840","0.6485580","0.99999991574922","0.6621992"
"REC.AF8.R.AF8.SA","0.6665263","0.4538878","0.7532644","0.9974837","0.583765251367069","0.7091323","0.177373961564461","0.483185018383296","0.6941711","0.5055829","0.60112758","0.7793308","0.999992601627801","0.58758409792072","0.5925197","0.999997520830156","0.511862713992657","0.7815319","0.6252067","0.425258467542183","0.37308478","0.448869847082079","0.368931398673741","0.536906947693531","0.997012025740606","0.738928227991411","0.5914181","0.588967484790788","0.8125256","0.78296984","0.478853563","0.6222440","0.774353080668184","0.999972720894393","0.5335732","0.6523875","0.5730051","0.529831717034514","0.4539741","0.6817432","0.6032720","0.6831081","0.6827190","0.5194031","0.5214824","0.702266772090036","0.5474348","0.892291103483047","0.622770840055558","0.999999783089434","0.5711981","0.7833019","1","0.4963497","0.72410742","0.8377678","0.494336047922695","0.5153704","0.42261879","0.6890050","0.163390276091618","0.511541981487828","0.646256931562168","0.073942085416266","0.4117900","0.6210760","0.54198178","0.720172532369496","0.42695354","0.44323013","0.6757385","0.627408653534531","0.999962438607772","0.9329409","0.6182637","0.5566911","0.999997745796866","0.4646230"
"INS.AF8.R.AF8.SA","0.6351673","0.6334585","0.6485072","0.8788564","0.630458833037993","0.8216761","0.600450580312737","0.312965551928541","0.5512191","0.6168392","0.32827304","0.6592093","0.99994250660043","0.999997066147839","1","0.643862683575739","0.804092524283074","0.6984757","0.9260207","0.362319218985413","0.37903073","0.500161958710722","0.228438842585327","0.18400154313499","0.888924217288382","0.859984397803304","0.6223007","0.457301514167055","0.6032011","0.98337762","0.593330996","0.5251510","0.611230738755155","0.801526191393703","0.8537318","0.7090347","0.6143590","0.104628031931412","0.7298083","0.6726179","0.4845791","0.9999376","0.6438538","0.5457543","0.4091263","0.999999583125837","0.4407264","0.999994956948808","0.559042238826061","0.999999013565313","0.6567366","0.6542753","0.52012737","1","0.97143189","0.7883819","0.349311960003455","0.5286565","0.33102767","0.6234990","0.142206247811521","0.47880176792046","0.599475803582894","0.969107465784044","0.5642617","0.4665732","0.42958647","0.632387304339226","0.31905674","0.36890174","0.5251316","0.450996236638814","0.999999717484354","0.6066998","0.7586777","0.5575070","0.999999978336996","0.5247893"
"ACG.AF8.R.AF8.SA","0.9190592","0.9989693","0.7970354","0.9999535","0.99999130921076","0.9109495","0.09350220285124","0.999997515933624","0.9999909","0.9836560","0.62538295","0.9591089","0.999998902702306","0.957785603152018","0.9457959","0.999771471273705","0.999999817105451","0.9999996","0.9990414","0.748351687737351","0.99992960","0.465624401713537","0.630289305858319","0.571014204578788","0.999968674003371","0.802200415793231","0.9997344","0.490366280520413","0.9703043","0.98067918","0.530265903","0.8126601","0.573427351237665","0.999999520632225","0.8031186","0.9996062","0.9841239","0.463156611368189","0.8067418","0.9669601","0.7534644","0.9999972","0.9999949","0.8221696","0.9999997","0.999999765281034","0.9920422","0.999904867053903","0.999273693067208","0.999999210945017","0.9999994","0.9999734","0.77688605","0.9975003","1","0.9999987","0.670241319587449","0.3971920","0.52948693","0.9996286","0.81129689019376","0.999998926438273","0.743297457789509","0.615601255326475","0.8561383","0.9978411","0.98094872","0.728603640905512","0.99815593","0.62770710","0.5967054","0.997684532148198","0.999999151384312","0.9996999","0.9997370","0.8117571","0.999985520409866","0.7508203"
"DCG.AF8.R.AF8.SA","0.7517952","0.9999997","0.9989299","0.8641635","0.999958583985891","0.9294753","0.768027224255971","0.999867208059773","0.7868630","0.9173397","0.58995433","0.9999022","0.999993824298325","0.697582754478833","0.8491715","0.999999973960491","0.999964253555474","0.8378060","0.6276018","0.468315263178271","0.95461844","0.718662001627984","0.492322267505006","0.515407500252947","0.999861767129116","0.908563622456579","0.9998945","0.600605669389863","0.5715166","0.75049858","0.346675701","0.9061383","0.866062567838361","0.999999984638265","0.8485876","0.9990392","0.6728980","0.702239765697279","0.7543173","0.9271339","0.9706338","0.9999531","0.7957251","0.7340306","0.5462253","0.876826607267567","0.8128270","0.833646014367665","0.996305902772309","0.999999947067078","0.9999980","0.9999993","0.85254547","0.8136531","0.99999800","1","0.621673517472942","0.6591399","0.45516225","0.6285749","0.306658978165801","0.593890521399745","0.461173938187905","0.378597285757471","0.8268280","0.9371909","0.86583287","0.693795145570333","0.39560560","0.56013677","0.8392304","0.999955048813737","0.999999997912989","0.9999044","0.6371761","0.7175121","0.999999528149671","0.9963736"
"PCG.AF8.R.AF8.SA","0.3806018","0.3236279","0.4522329","0.4321084","0.450773461067594","0.7262230","0","0.594610229458004","0.5887458","0.3837260","0.23421316","0.4195871","0.659553463077548","0.470916754981056","0.4466063","0","0.778072130952579","0.7945579","0.4136222","0.331104641469544","0.35019588","0","0.044315592130007","0.330428682499729","0","0.586789649094759","0.5463573","0.458250752019147","0.2550690","0.13025896","0.604320335","0.5446571","0.587034575512735","0.999997176879556","0.2205856","0.3218051","0.7012137","0.658248700060494","0.6176325","0.2152213","0.3984846","0.6606324","0.4636324","0.6809369","0.3084627","0.673262787775439","0.6056094","0.354551405554767","0","0","0.2788466","0.4787718","0.54129656","0.3907710","0.66482745","0.6276233","1","0.3597783","0.35536375","0.3128791","0.311963411177332","0.338071345713982","0.522969406631322","0.403826135969033","0.5238700","0.2730102","0.47061343","0.658575178294992","0.31241065","0.35156817","0.5849354","0.268173739678718","0.999999997941057","0.5771186","0.7503843","0.5834131","0.999998542021614","0.5138849"
"PHG.AF8.R.AF8.SA","0.5718371","0.4268750","0.6283361","0.5442630","0.572515289126095","0.5174940","0.66325087284626","0.458645904127736","0.4707015","0.5174218","0.48376855","0.5215840","0.593090127496605","0.340279687382797","0.5199277","0.91440180831215","0.39402856952271","0.6579042","0.9999998","0.327038075900909","0.58958026","0.307086268855973","0.357395483420028","0.535246183993107","0.999825762262261","0.634810584575006","0.6419938","0.693204967389221","0.6287149","0.99968703","0.624551633","0.6996888","0.243070407004803","0.999941641112651","0.4690782","0.5267452","0.6932512","0.839124511027177","0.4289978","0.4476615","0.5096769","0.5902001","0.5468195","0.7878281","0.5634087","0.342307083592469","0.7179834","0.999985617463773","0.372438092566446","0.999999817497675","0.8323153","0.6878073","0.52365741","0.5442825","0.41940550","0.6414589","0.356477206291554","1","0.48454863","0.5416818","0.557486196863118","0.397743903321694","0.587240403481952","0.303131421944861","0.4095824","0.5346658","0.55625178","0.665323180967092","0.37153564","0.48951187","0.5274213","0.741648006737243","0.999998513926582","0.6009591","0.6598403","0.6677647","0.999999979549262","0.6198554"
"CAL.AF8.R.AF8.SA","0.5553281","0.4593804","0.5467065","0.5433317","0.999999994852422","0.6884290","0.137313881508193","0.463671395702173","0.5716759","0.5414118","0.28901818","0.2886994","0.999912774629659","0.310733910601522","0.4962838","0.908821236181996","0.657598909677486","0.4372680","0.3267049","0.913798351973731","0.89049301","0.99997885413643","0.571996717244897","0.757529414293031","0.999983791638418","0.596073119504938","0.8615704","0.323836864061229","0.2249853","0.70816635","0.259097035","0.6196574","0.591618528836229","0.999993428557108","0.4593572","0.8854197","0.5130975","0.48496848665514","0.4428709","0.6133907","0.4765598","0.9999995","0.5539645","0.5403433","0.2981340","0.405865258236814","0.4258339","0.765038726803977","0.263573155958185","0.999999932696741","0.5133677","0.5106925","0.41274015","0.3548921","0.52510174","0.4343191","0.336652628456783","0.4878719","1","0.9379712","0.587623932741505","0.969705279079274","0.806573295510494","0.991006123247465","0.6511394","0.6438205","0.40750584","0.580291838087561","0.32107389","0.19157695","0.6309207","0.397737642482393","0.999999981681693","0.5718621","0.5774994","0.4730356","0.999998022844931","0.4172941"
"CUN.AF8.R.AF8.SA","0.6130932","0.5564680","0.4691391","0.6276340","0.996347492807051","0.5366802","0.761857191377034","0.313773494931928","0.6591209","0.5889502","0.40780278","0.6210363","0.999987321250347","0.999109358077857","0.5506874","0.984901550743274","0.43831369735368","0.2248629","0.4651078","0.608874876346075","0.94536459","0.834534324284431","0.77901478985734","0.687917428017001","0.839805176994354","0.892660729742269","0.6173098","0.513050447483428","0.5269629","0.65530304","0.278938743","0.7209338","0.284648567404965","0.999999610559814","0.7012035","0.5197312","0.5270285","0.291191147356045","0.4344278","0.6583785","0.4362156","0.6628576","0.6241829","0.5948126","0.3961488","0.634528404324301","0.2615619","0.906633781821377","0.584328924860533","0.999999986151387","0.5188558","0.6696231","0.71297336","0.6137306","0.94053743","0.5811368","0.285245683251203","0.5216283","0.94981488","1","0.735186045509062","0.944171156652789","0.63493904145612","0.663986638255735","0.6626267","0.6952408","0.48836663","0.338587109670288","0.42124946","0.17787416","0.6544285","0.424754105872203","0.99999997599535","0.7372273","0.4481707","0.4918993","0.999999849896924","0.7711865"
"LING.AF8.R.AF8.SA","0.6161589","0.2522115","0.3406935","0.6094342","0.603759707952496","0.3776825","0.293332559125001","0.083909803035957","0.5252898","0.6414093","0.26450041","0.4512889","0.999997994643012","0.146995522670988","0.4385049","0.72677498042498","0.693586863061422","0.1504334","0.4248323","0.730585653685406","0.54091523","0.999997061603914","0.271288145931855","0.558112205701364","0.999988804903353","0.521000142154191","0.4830757","0.237788057161898","0.6854803","0.31210050","0.375976863","0.3651177","0.286814046455572","0.999930384714853","0.5487861","0.5662565","0.5761335","0","0.3483738","0.4690187","0.6014195","0.3662111","0.4598192","0.4135282","0.1327560","0.889514793523242","0.2153656","0.551165381675596","0.224644910067213","0.99999999989343","0.6959419","0.3856305","0.20590958","0.2180655","0.85672996","0.3232295","0.319973278893374","0.5576902","0.61408417","0.7948753","1","0.409169806681702","0.485722907020107","0.812603827479975","0.5121852","0.5176395","0.37463758","0.575739741412458","0.40240379","0.32795160","0.5364175","0.544434336099273","0","0.4817958","0.3905784","0.4431562","0.999629147410227","0.2660084"
"SOG.AF8.R.AF8.SA","0.5663562","0.7305896","0.6232590","0.5549280","0.69488916274616","0.4309408","0.375174379877817","0.591619474964262","0.3895426","0.6743129","0.35138765","0.6124815","0.987163883598244","0","0.4652138","0.999998925774541","0.106088436136373","0.1469445","0.5197799","0.645483947105917","0.75659178","0.605465019181847","0.999999998502287","0.722467047518097","0.999558318903174","0.666780957851359","0.5427980","0.999998276107438","0.4459579","0.71661766","0.315159668","0.8902446","0.536593585059661","0.999972049131836","0.7609708","0.4199511","0.5100123","0.522606277122469","0.5195812","0.5920583","0.6180094","0.6978880","0.5504641","0.6807757","0.5981728","0","0.6432788","0.668780855661285","0.809134229542351","0.999997748702651","0.6158634","0.7607312","0.49707462","0.4393860","0.99998034","0.5795748","0.320694730617494","0.3868772","0.93550719","0.9384409","0.38083644863664","1","0.665458590113867","0.755417974572963","0.6587214","0.4201309","0.97640406","0.468669658215663","0.08816534","0.33132703","0.7097903","0.649831673358418","0.999991754312684","0.4539024","0.6472098","0.5233305","0.999997307332047","0.6612255"
"MOG.AF8.R.AF8.SA","0.6245886","0.6209056","0.7273025","0.6732260","0.999717086305146","0.7786789","0.05220254505696","0.584677290188031","0.4950890","0.4782267","0.35562252","0.6648157","0.517354431207794","0.479590829503185","0.6946613","0.988568355477986","0.711293874025777","0.9999992","0.5437130","0.562558326245206","0.55206391","0.646201640752876","0.690046825180345","0.99999844402956","0.999972435548132","0.959138913911134","0.8493966","0.699594955050616","0.7598126","0.68460165","0.731645544","0.6409751","0.491821026838131","0","0.7323804","0.8814227","0.8491218","0.516142258229831","0.7281568","0.6037133","0.6052544","0.9500519","0.5807198","0.8619164","0.5738765","0.999966965962999","0.5714507","0.970997454361478","0.530687466071744","0.999999974683152","0.6417291","0.7219254","0.68390841","0.6375922","0.70353848","0.4464098","0.516615724626198","0.6087409","0.84101612","0.6580306","0.469723515944701","0.674725184004803","1","0.972795234747886","0.7468508","0.7427069","0.79782646","0.815572586631597","0.35577054","0.77510829","0.6785251","0.556181306221041","0.999999366804177","0.9999990","0.7908152","0.8533418","0.99999999994113","0.9999979"
"IOG.AF8.R.AF8.SA","0.7626957","0.4921621","0.7271822","0.6267328","0.604305960741597","0.7129740","0.440653976518738","0.735743061446314","0.2419726","0.3105774","0.02363869","0.3855637","0.999906152571499","0","0.6018098","0.509093654484183","0.694485672427182","0.6143038","0.3765077","0.786484290642699","0.50125112","0.63101080422572","0.531586979603591","0.84431381439325","0.999999993647419","0.664824083606133","0.7999586","0.466347586289247","0.6819523","0.74797447","0.899907225","0.3805646","0.503819748593811","0.999999459248005","0.7201831","0.8123440","0.9569442","0.508473269620066","0.7789518","0.6988370","0.5514495","0.3990184","0.3987757","0.4427829","0.5406917","0.795807598649938","0.7081900","0.627228908481426","0.428015093333581","0.999999354591544","0.7525519","0.4588531","0.08764769","0.9997692","0.66446596","0.3642587","0.409715155130423","0.3379663","0.71134110","0.7666793","0.749620622349689","0.786234136374648","0.976280482424262","1","0.9220194","0.6698919","0.41324123","0.375501103763977","0.27726761","0.50161845","0.5513985","0.354837061525379","0.999999909793389","0.7251162","0.6699143","0.7754279","0.999989486733466","1"
"FFG.AF8.R.AF8.SA","0.6995012","0.6297940","0.6988242","0.7702100","0.722047164893763","0.7379727","0.589203425191883","0.565340260568445","0.7909620","0.9054042","0.32949348","0.4827945","0.990351264510898","0.466066249188256","0.7088897","0.780816646742687","0.760894118312585","0.7171130","0.6655418","0.64451349493597","0.64186360","0.701693419227564","0.527490003633254","0.73534185159569","0.799769681585092","0.99999214054779","0.7967190","0.524352864797423","0.4289937","0.74348509","0.524173738","0.6991826","0.482337793675708","0.99999885894857","0.7148570","0.8276360","0.7334752","0.649199348287054","0.6997818","0.5550609","0.6062378","0.7062927","0.6481521","0.7253723","0.5894053","0.81723934063429","0.6215734","0.745856653187088","0.65252323722031","0.999977899082392","0.7305764","0.5930769","0.38726875","0.5809989","0.79494931","0.7545033","0.509273371277789","0.4208213","0.65451878","0.6778532","0.475397130287336","0.673457012677818","0.727038022380483","0.80542842716036","1","0.6799016","0.58793220","0.894246148463895","0.39557634","0.48887637","0.6839332","0.670154516382008","0.999999998379081","0.8339456","0.6248861","0.5692616","0.999999999336079","0.8510120"
"PoCG.AF8.R.AF8.SA","0.7754271","0.7515556","0.5159918","0.7546797","0.529099650684089","0.8230752","0.631338670272342","0.999638165528091","0.6289031","0.9370045","0.55140319","0.7085196","0.999962437687763","0.492514434404612","0.5835714","0.973895837874581","0.692568334147162","0.4720496","0.4855248","0.636451020549499","0.60346620","0.8473282021052","0.613374564087529","0.546551748605811","0.999721294513636","0.722965950601386","0.9259339","0.775017295249692","0.6846270","0.80568861","0.542555376","0.7789431","0.706607584914399","0.9999996696898","0.7565289","0.9999936","0.6966130","0.581850611952062","0.9813044","0.8990869","0.7552157","0.7621230","0.7763213","0.4490278","0.4858995","0.702034106684149","0.6590096","0.651134187408818","0.654269409915811","0.999999997247346","0.7841975","0.6815112","0.60476096","0.4845981","0.99934012","0.9240083","0.255890546127157","0.5547332","0.64704978","0.7143768","0.481405729566227","0.439470287472995","0.739840666955727","0.61285938531185","0.6703725","1","0.78572820","0.818457664607743","0.50341905","0.48405911","0.8672662","0.8653053858351","0.999998223322457","0.4336304","0.6762966","0.7493532","0.999999778034831","0.7856224"
"SPG.AF8.R.AF8.SA","0.7028604","0.5908710","0.6927343","0.7683298","0.999927121002496","0.8767414","0.122916640918536","0.669227428664026","0.5759182","0.6821469","0.66615397","0.7024447","0.999988848069024","0.597635747388716","0.6455519","0.999979605088919","0.597919633365534","0.5693139","0.7891840","0.542655979733159","0.62795209","0.420156044814354","0.7864747525617","0.599877600446026","0.999974816004974","0.835542997976905","0.6441765","0.999999726013728","0.6757671","0.33772141","0.689576248","0.9157214","0.727932488816988","0.999947419227356","0.2571956","0.5576022","0.6309222","0.770485157383179","0.7358249","0.6263995","0.5956129","0.6340670","0.7323003","0.8099012","0.5268492","0.212866708957536","0.8758666","0.744101437275707","0.585539628642648","0.999999946598858","0.7704988","0.6455389","0.52620966","0.4414926","0.92072605","0.8115216","0.456520491731873","0.5527514","0.40350143","0.5116610","0.346857682182791","0.999986219480779","0.781330730195108","0.343429080741482","0.5798204","0.7858088","1","0.681561456633208","0.36969474","0.83927347","0.9667881","0.919060708050904","0.999999683100033","0.5974323","0.7343665","0.6917580","0.999999614130781","0.5783448"
"IPL.AF8.R.AF8.SA","0.5757861","0.7100882","0.8778458","0.7635764","0.99999725384226","0.6647912","0","0.766030033577862","0.6855804","0.4417943","0.55441076","0.5224812","0.998858048888149","0.497022167690992","0.7241242","0.999978582906504","0.874821826944803","0.5514822","0.9008012","0.58106932490619","0.83754823","0.116034708701708","0.794995738568074","0.820480323972852","0.99943200864726","0.998161407188706","0.6868929","0.753448643023873","0.9270033","0.99999698","0.762893249","0.9845314","0.999695851789279","0.999997875715063","0.7802507","0.7584592","0.8334374","0.814008755882664","0.7217133","0.8163548","0.7068679","0.6440325","0.7517520","0.7339419","0.6471990","0.291463261035937","0.5678055","0.999999990358148","0.56094858917449","0.999998285501245","0.7382799","0.5378577","0.72072257","0.6692667","0.74618764","0.7021352","0.637658097748346","0.6628515","0.58359167","0.3705273","0.536217350395698","0.502070674101716","0.827319870872095","0.367095771335586","0.8959824","0.8374094","0.71585150","1","0.48493013","0.56653315","0.9848468","0.999999765391152","0.999999090967936","0.9999839","0.9153923","0.9534104","0.999990301758497","0.8195956"
"SMG.AF8.R.AF8.SA","0.5083616","0.2517594","0.5027315","0.7901781","0.483538254061271","0.5285282","0.062447027269043","0.442389823079481","0.5801766","0.3578414","0.54995658","0.4062155","0.99980513283344","0.398677068615178","0.5161121","0.999998362481984","0.418223898662659","0.5630108","0.3812289","0.220341461101933","0.09147559","0.15612714937451","0.076117562751685","0.332708527465795","0.99039262179556","0.415231293072935","0.4135316","0.398864571232449","0.6095492","0.99998918","0.618666956","0.4287526","0.587046999358704","0.999992305072103","0.6837063","0.5492238","0.6135307","0.999954528251637","0.6037939","0.5543677","0.3955046","0.5047601","0.3750059","0.3864671","0.3821420","0.402665398063293","0.3668583","0.710103963488619","0.500148640715755","0.999999999728166","0.3793214","0.4878146","0.40394907","0.3356834","0.99924881","0.3723513","0.291211399697636","0.3580913","0.31575701","0.4202965","0.382256869573207","0.104813801858073","0.341525342950708","0.195678337259609","0.4019685","0.5134279","0.37537090","0.447259654612602","1","0.43648628","0.4688256","0.352341010928725","0.999999621855157","0.5537949","0.4986844","0.5292037","0.999998996120012","0.4233275"
"ANG.AF8.R.AF8.SA","0.4918213","0.5225750","0.5860742","0.5268303","0.8034098268052","0.5317196","0.771387779142222","0.590440339154435","0.3163490","0.3110377","0.45933009","0.2856692","0.999547397762438","0.774503860608897","0.6086956","0.999849438206103","0.553058494199035","0.6615991","0.7293512","0.326732739149756","0.31392159","0.047770008489736","0.228670837173023","0.893060837568378","0.99803412724903","0.992927675123143","0.5941401","0.506769502562763","0.6883039","0.87347916","0.984353204","0.4619438","0.489328588155939","0.999999486269527","0.5559502","0.4423299","0.6655938","0.212972722913557","0.5745947","0.5611730","0.4135107","0.7058055","0.7369392","0.5262370","0.3634436","0.093035547032569","0.3651894","0.999999777656396","0.344474088059078","0.999993688304573","0.4923839","0.5627540","0.44207909","0.4212787","0.60075921","0.5523363","0.333265442498724","0.4902848","0.18437418","0.2266396","0.307355857650457","0.342912830808804","0.756672494233597","0.467435992197498","0.4975948","0.4823901","0.80767266","0.551680014815518","0.45583139","1","0.5115448","0.868352346372395","0.999999720581136","0.7024397","0.6332181","0.7732020","0.999999001838769","0.7202836"
"PCUN.AF8.R.AF8.SA","0.5711272","0.6290805","0.8457754","0.6607940","0.771810313429482","0.7020672","0.400971849960551","0.749779149027073","0.6533738","0.6281386","0.46750513","0.6391886","0.850543608617504","0.962661404528421","0.6734584","0.999952399289314","0.646462996435454","0.7645849","0.5969447","0.633189408788264","0.77448532","0.425889895318025","0.576621697248272","0.654404797533477","0.999944791829133","0.979531976410925","0.9912735","0.772296162927537","0.6597967","0.92849538","0.561071375","0.9999978","0.756414280286104","0.999999975948565","0.4703381","0.6769069","0.7219804","0.608481556425589","0.6249631","0.5774531","0.4936173","0.7755635","0.6417633","0.8721871","0.5156026","0.510593589846689","0.7210949","0.863403375064734","0.617198305255028","0.999989632670511","0.7497203","0.8281686","0.69353427","0.4950709","0.59450399","0.7976314","0.569306339546812","0.5259256","0.63799386","0.6506717","0.532043469448024","0.717530445890508","0.667737483994923","0.530266010944217","0.6863387","0.8887829","0.99291565","0.999999991715592","0.45823938","0.50957397","1","0.792420780939845","0.999999990668959","0.7324929","0.7294741","0.6683167","0.999999952327422","0.6826955"
"PCL.AF8.R.AF8.SA","0.6921635","0.8286543","0.8062402","0.8283530","0.94151023560403","0.8695796","0.182481172223612","0.448410172623691","0.7763242","0.7145688","0.49922240","0.7340719","0.999991807762127","0.602564047861316","0.4687371","0.999998178870471","0.561520904248448","0.7595667","0.5872450","0.523746141626728","0.56660534","0.852396400005414","0.503481398136844","0.859490836125169","0.988195038042322","0.919714999720978","0.9811697","0.548469808995573","0.5856767","0.70132261","0.434448156","0.9488094","0.994579030079393","0","0.6849429","0.9999998","0.5938063","0.647920296589359","0.5820255","0.9479956","0.7086980","0.7186304","0.7501990","0.9999962","0.5510282","0","0.8400972","0.99999997548353","0.641106440583479","0","0.9940381","0.8517411","0.63661648","0.4950465","0.97669697","0.9911273","0.258235033960791","0.7349571","0.40691894","0.4706030","0.537282366795104","0.662769506654221","0.555881557184713","0.323361241342724","0.6970341","0.8831274","0.95118915","0.999999984288969","0.39489982","0.90791017","0.7859263","1","0.999998828064347","0.6954770","0.8801626","0.7479396","0.999999885964098","0.7307278"
"HES.AF8.R.AF8.SA","0.9999544","0.9997931","0.9999998","0.9997466","0.999999390781145","0.9999987","0.644080441235861","0.951941513853417","1","0.9992615","0.99999993","1","0.999886129889022","0.798218280965601","0.9998973","0.99999553433508","0.999999959769179","0.9933214","0.9683253","0.963531113184071","0.99994563","0.995882057984812","0.999987749314476","0.997947706701443","0","0","0.9992762","0.99877111524712","0.9999982","0.99888443","0.999631798","0.9999580","0","0.985766238013804","0.9999756","0.9931364","0.9999940","0","0.9997718","0.9998204","0.9973719","0.9999992","0.9999939","0.9997857","0.9972823","0","0.9969129","0.999999968822197","0.999372875900879","0.999974121792069","0.9999997","0.9999982","0.91269516","0.9992855","0.99893610","0.9999962","0.999997760539038","0.9999834","0.99999989","0.9845988","0","0.996535385510917","0.9999976715702","0.999969849977046","0.9999814","0.9998665","0.97537350","0.999755234837949","0.99995748","0.99996707","0.9999213","0.998697339451756","1","0.9999740","0.9999711","0.9980453","0.999096283060118","0.9995559"
"STG.AF8.R.AF8.SA","0.5944431","0.6392176","0.9999720","0.5975688","0.173534639249153","0.9224551","0.999995064169739","0.60127775633195","0.9999021","0.9640213","0.58744923","0.9999533","0.647219292135593","0.797268708841557","0.8700801","0.853693174489095","0.884026061653721","0.9999967","0.4751264","0.614252209675853","0.46220030","0.839170278119974","0.122764187912344","0.500558245051676","0.999997339238495","0.970552873020272","0.6104151","0.734186144405521","0.7866424","0.76637598","0.718506484","0.4236479","0.558264800929684","0.999999876304869","0.9999991","0.6199700","0.9997511","0.240693855010827","0.9721785","0.7066131","0.6021516","0.9999989","0.4570469","0.6501395","0.8337261","0.9999834850374","0.7925978","0.999998714318335","0.558725369313906","0.999974789027853","0.9999833","0.7729827","0.94307869","0.6260573","0.99999955","0.9476428","0.572198984253421","0.5708030","0.50661349","0.7433447","0.411641813859611","0.454942300066807","0.98305990631013","0.516947442023183","0.8453485","0.4022697","0.57720771","0.999997774657542","0.49912572","0.69981186","0.7305460","0.670180457739185","0.999999999677525","1","0.6630231","0.8225334","0.99999954797813","0.9649538"
"TPOsup.AF8.R.AF8.SA","0.6876777","0.5756718","0.6430879","0.7317688","0.706281065620498","0.6624138","0.204320772883784","0.958620332939021","0.3344817","0.3800337","0.40750817","0.6678226","0.999999384713969","0.468760360803127","0.7312927","0.999999799128678","0.584897361473597","0.6896996","0.9959430","0.470928998144504","0.44985072","0.339892950956285","0.535146746250514","0.676914358661068","0.999999641341727","0.990804326274785","0.6615506","0.790176804670819","0.8140975","0.84064941","0.736807825","0.6968212","0.311847783893225","0.999987911737384","0.5255951","0.8997851","0.6014986","0.549958178606256","0.6614649","0.6849752","0.5572654","0.5031499","0.6048835","0.6816524","0.4621552","0.999510187460332","0.6017534","0.669650191443882","0.776193801305392","0.999999998286765","0.7578531","0.8635034","0.58540205","0.7291549","0.99928717","0.5851776","0.722272252743849","0.6192603","0.54018126","0.4362489","0.328533900281773","0.619681120070836","0.756727297135215","0.578576453269219","0.5935409","0.6584250","0.72369797","0.883306700967362","0.46813214","0.59384552","0.7060720","0.848060089291122","0.999999972450207","0.6404941","1","0.6007659","0.999999829817391","0.6306018"
"MTG.AF8.R.AF8.SA","0.7157696","0.6868797","0.6523119","0.7309916","0.691096128860412","0.7045367","0.55703866207448","0.632452065570127","0.6025179","0.6875906","0.45962919","0.7031618","0.826289420396963","0.965876491635455","0.6906587","0.751586379112611","0.660243153301615","0.6556822","0.7501093","0.500494618519648","0.63251431","0.51315175729683","0.553532023831014","0.854680498142627","0.999998442561101","0.753633067434567","0.7444548","0.485226100330119","0.7779513","0.93073823","0.715381880","0.5572828","0.717846138870123","0.999975047044998","0.8430052","0.6017519","0.9892312","0.509073477424988","0.8223027","0.7467342","0.7128525","0.8019457","0.7132284","0.7654982","0.4408823","0.466761018159754","0.6144389","0.859448054585187","0.579261724383401","0.999997209929312","0.7967563","0.6412483","0.55527678","0.5749173","0.81659021","0.7111522","0.579711420823941","0.6707504","0.47285194","0.5042622","0.42500910136896","0.532589293620208","0.861187081187677","0.755173654534166","0.5710660","0.7703743","0.70318918","0.970447646554763","0.51809186","0.78714940","0.6753582","0.747569584475805","0.999999635570734","0.8375900","0.6316233","1","0.999999903889803","0.8079359"
"TPOmid.AF8.R.AF8.SA","1","0.9999168","0.9999939","0.9999964","0.982094050326326","1","0","0.999998122370874","0.9999998","0.9884566","0.99999996","0.9999707","0.999106123094939","0.999996483566732","0.9999987","0.940664394845428","0.999991446280284","0.9999372","0.9998054","0.998107996031873","0.99669646","0.995030058465069","0.999997929930029","0.999070942393885","0","0.949889101849287","0.9991763","0.992844171317969","0.9999930","0.99999974","0.999998109","0.9998903","0.978431483386061","0.992425563880163","0.9973642","0.9999995","0.9956297","0.99999962657009","0.9999931","0.9999712","0.9999992","0.9999996","0.9998584","0.9999988","0.9999980","0.999999746887669","0.9999983","0.999984212757823","0.999998681120641","0.809471050234097","0.9999777","0.9999998","0.99999896","0.9999995","0.99989515","0.9999857","0.994828469827673","0.9999995","0.99556962","0.9986200","0","0.999999256998389","0.999998192921936","0.999754614635487","0.9999979","0.9999964","0.99943047","0.996360305362898","0.99550283","0.99976706","0.9981694","0.999993852087911","0.988362183646358","0.9999596","0.9996927","0.9952069","1","0.9521616"
"ITG.AF8.R.AF8.SA","0.7047271","0.5496907","0.8171977","0.7190546","0.999997227872387","0.8036383","0.441861021410909","0.591814528174833","0.6070742","0.5034342","0.46223583","0.9999925","0.999998194400496","0.454914245190542","0.6980543","0.999071699508069","0.607912342164944","0.9997571","0.7070700","0.527118509543019","0.41785675","0.623330665688111","0.485265099623862","0.76374796451717","0.999938524272281","0.767776275974652","0.6317019","0.903300707965287","0.9999968","0.73662284","0.833941850","0.5762495","0.451406685303209","0.999999565820072","0.7706194","0.9999327","0.9999271","0.555747939137217","0.9281745","0.5943129","0.6780223","0.8956193","0.6493548","0.7976971","0.4529180","0.962807537710073","0.7508482","0.95614807815731","0.767556705879752","0.999999999974651","0.7323517","0.6745928","0.46758536","0.5340006","0.73919060","0.9870788","0.507568665262869","0.5819159","0.40536714","0.7287198","0.250576836334524","0.660833042055636","0.998692067981878","0.999987582442927","0.8719881","0.8284867","0.58066329","0.927043839501693","0.50050811","0.71011127","0.6728259","0.725225907666807","0.999999666322757","0.9983527","0.6498934","0.7938372","0.999996360744758","1"
